player_id,player_name,stat_receiving_yards,projected_receiving_yards,start_date,outcome
omitted,Rashee Rice,103,73.5,9/6/24 0:20,Over
,Rashee Rice,103,73.5,9/6/24 0:20,Over
,Rashod Bateman,53,10.5,9/6/24 0:20,Over
,Samaje Perine,10,1.5,9/6/24 0:20,Over
,JuJu Smith-Schuster,0,0.5,9/6/24 0:20,Under
,JuJu Smith-Schuster,0,0.5,9/6/24 0:20,Under
,Justice Hill,52,37.5,9/6/24 0:20,Over
,Samaje Perine,10,1.5,9/6/24 0:20,Over
,Xavier Worthy,47,29.5,9/6/24 0:20,Over
,Zay Flowers,37,66.5,9/6/24 0:20,Under
,Isaiah Likely,111,49.5,9/6/24 0:20,Over
,Justice Hill,52,37.5,9/6/24 0:20,Over
,Justin Watson,25,0.5,9/6/24 0:20,Over
,Isaiah Likely,111,49.5,9/6/24 0:20,Over
,Zay Flowers,37,66.5,9/6/24 0:20,Under
,Derrick Henry,0,0.5,9/6/24 0:20,Under
,Mecole Hardman,0,5.5,9/6/24 0:20,Under
,Travis Kelce,34,48.5,9/6/24 0:20,Under
,Travis Kelce,34,48.5,9/6/24 0:20,Under
,Justin Watson,25,0.5,9/6/24 0:20,Over
,Mark Andrews,14,17.5,9/6/24 0:20,Under
,Mark Andrews,14,17.5,9/6/24 0:20,Under
,Isiah Pacheco,33,30.5,9/6/24 0:20,Over
,Isiah Pacheco,33,30.5,9/6/24 0:20,Over
,Derrick Henry,0,0.5,9/6/24 0:20,Under
,Nelson Agholor,6,0.5,9/6/24 0:20,Over
,Nelson Agholor,6,0.5,9/6/24 0:20,Over
,Mecole Hardman,0,5.5,9/6/24 0:20,Under
,Noah Gray,37,11.5,9/6/24 0:20,Over
,Noah Gray,37,11.5,9/6/24 0:20,Over
,Josh Jacobs,20,20.5,9/7/24 0:15,Under
,Dallas Goedert,31,31.5,9/7/24 0:15,Under
,Jahan Dotson,0,6.5,9/7/24 0:15,Under
,Dallas Goedert,31,31.5,9/7/24 0:15,Under
,Jayden Reed,138,105.5,9/7/24 0:15,Over
,Jayden Reed,138,105.5,9/7/24 0:15,Over
,Romeo Doubs,50,50.5,9/7/24 0:15,Under
,Saquon Barkley,23,23.5,9/7/24 0:15,Under
,Luke Musgrave,0,6.5,9/7/24 0:15,Under
,Luke Musgrave,0,6.5,9/7/24 0:15,Under
,Saquon Barkley,23,23.5,9/7/24 0:15,Under
,A.J. Brown,119,121.5,9/7/24 0:15,Under
,A.J. Brown,119,121.5,9/7/24 0:15,Under
,Dontayvion Wicks,0,2.5,9/7/24 0:15,Under
,Tucker Kraft,37,37.5,9/7/24 0:15,Under
,Romeo Doubs,50,50.5,9/7/24 0:15,Under
,Dontayvion Wicks,0,2.5,9/7/24 0:15,Under
,Tucker Kraft,37,37.5,9/7/24 0:15,Under
,Josh Jacobs,20,20.5,9/7/24 0:15,Under
,DeVonta Smith,84,57.5,9/7/24 0:15,Over
,DeVonta Smith,84,57.5,9/7/24 0:15,Over
,Christian Watson,13,13.5,9/7/24 0:15,Under
,Christian Watson,13,13.5,9/7/24 0:15,Under
,Kenneth Gainwell,10,10.5,9/7/24 0:15,Under
,Kenneth Gainwell,10,10.5,9/7/24 0:15,Under
,Diontae Johnson,19,30.5,9/8/24 17:00,Under
,Diontae Johnson,19,30.5,9/8/24 17:00,Under
,Chuba Hubbard,0,2.5,9/8/24 17:00,Under
,Chuba Hubbard,0,2.5,9/8/24 17:00,Under
,Adam Thielen,49,25.5,9/8/24 17:00,Over
,Adam Thielen,49,25.5,9/8/24 17:00,Over
,Michael Wilson,5,5.5,9/8/24 17:00,Under
,Curtis Samuel,15,8.5,9/8/24 17:00,Over
,Foster Moreau,43,6.5,9/8/24 17:00,Over
,Foster Moreau,43,6.5,9/8/24 17:00,Over
,Trey McBride,30,21.5,9/8/24 17:00,Over
,Trey McBride,30,21.5,9/8/24 17:00,Over
,Marvin Harrison Jr.,4,4.5,9/8/24 17:00,Under
,Marvin Harrison Jr.,4,4.5,9/8/24 17:00,Under
,Tyquan Thornton,27,27.5,9/8/24 17:00,Under
,Tyquan Thornton,27,27.5,9/8/24 17:00,Under
,Austin Hooper,31,16.5,9/8/24 17:00,Over
,Austin Hooper,31,16.5,9/8/24 17:00,Over
,Antonio Gibson,0,0.5,9/8/24 17:00,Under
,Antonio Gibson,0,0.5,9/8/24 17:00,Under
,Gabe Davis,62,38.5,9/8/24 17:00,Over
,Kylen Granson,0,2.5,9/8/24 17:00,Under
,Jalin Hyatt,0,8.5,9/8/24 17:00,Under
,Jalin Hyatt,0,8.5,9/8/24 17:00,Under
,Jordan Addison,35,50.5,9/8/24 17:00,Under
,Jordan Addison,35,50.5,9/8/24 17:00,Under
,Alvin Kamara,27,22.5,9/8/24 17:00,Over
,Alvin Kamara,27,22.5,9/8/24 17:00,Over
,Travis Etienne Jr.,15,15.5,9/8/24 17:00,Under
,Jaylen Warren,13,13.5,9/8/24 17:00,Under
,Jaylen Warren,13,13.5,9/8/24 17:00,Under
,Gerald Everett,-1,9.5,9/8/24 17:00,Under
,DeAndre Hopkins,8,19.5,9/8/24 17:00,Under
,DeAndre Hopkins,8,19.5,9/8/24 17:00,Under
,Jonathan Mingo,40,35.5,9/8/24 17:00,Over
,Michael Pittman Jr.,31,40.5,9/8/24 17:00,Under
,Michael Pittman Jr.,31,40.5,9/8/24 17:00,Under
,Adonai Mitchell,2,2.5,9/8/24 17:00,Under
,Braxton Berrios,0,0.5,9/8/24 17:00,Under
,Braxton Berrios,0,0.5,9/8/24 17:00,Under
,Tony Pollard,12,5.5,9/8/24 17:00,Over
,Tony Pollard,12,5.5,9/8/24 17:00,Over
,Kylen Granson,0,2.5,9/8/24 17:00,Under
,Dalton Schultz,16,16.5,9/8/24 17:00,Under
,Brian Thomas Jr.,47,52.5,9/8/24 17:00,Under
,Pat Freiermuth,27,17.5,9/8/24 17:00,Over
,Pat Freiermuth,27,17.5,9/8/24 17:00,Over
,James Conner,33,33.5,9/8/24 17:00,Under
,Brevin Jordan,3,3.5,9/8/24 17:00,Under
,Brevin Jordan,3,3.5,9/8/24 17:00,Under
,Tank Dell,40,41.5,9/8/24 17:00,Under
,Tank Dell,40,41.5,9/8/24 17:00,Under
,Stefon Diggs,33,41.5,9/8/24 17:00,Under
,Stefon Diggs,33,41.5,9/8/24 17:00,Under
,Ty Chandler,25,15.5,9/8/24 17:00,Over
,Nico Collins,117,116.5,9/8/24 17:00,Over
,Jalen Nailor,21,6.5,9/8/24 17:00,Over
,Jalen Nailor,21,6.5,9/8/24 17:00,Over
,George Pickens,85,88.5,9/8/24 17:00,Under
,George Pickens,85,88.5,9/8/24 17:00,Under
,Tyler Boyd,18,18.5,9/8/24 17:00,Under
,Tyler Boyd,18,18.5,9/8/24 17:00,Under
,Calvin Ridley,50,35.5,9/8/24 17:00,Over
,Calvin Ridley,50,35.5,9/8/24 17:00,Over
,Aaron Jones,15,15.5,9/8/24 17:00,Under
,Aaron Jones,15,15.5,9/8/24 17:00,Under
,Jonnu Smith,7,7.5,9/8/24 17:00,Under
,Evan Engram,5,8.5,9/8/24 17:00,Under
,Evan Engram,5,8.5,9/8/24 17:00,Under
,Christian Kirk,30,36.5,9/8/24 17:00,Under
,Christian Kirk,30,36.5,9/8/24 17:00,Under
,Brian Thomas Jr.,47,52.5,9/8/24 17:00,Under
,Ty Chandler,25,15.5,9/8/24 17:00,Over
,Van Jefferson,1,0.5,9/8/24 17:00,Over
,Van Jefferson,1,0.5,9/8/24 17:00,Over
,Justin Jefferson,59,59.5,9/8/24 17:00,Under
,Rhamondre Stevenson,6,9.5,9/8/24 17:00,Under
,DeMario Douglas,12,9.5,9/8/24 17:00,Over
,Kyle Pitts,26,28.5,9/8/24 17:00,Under
,Kyle Pitts,26,28.5,9/8/24 17:00,Under
,Drake London,15,22.5,9/8/24 17:00,Under
,Drake London,15,22.5,9/8/24 17:00,Under
,Bijan Robinson,43,43.5,9/8/24 17:00,Under
,Bijan Robinson,43,43.5,9/8/24 17:00,Under
,Dalton Kincaid,11,0.5,9/8/24 17:00,Over
,Dalton Kincaid,11,0.5,9/8/24 17:00,Over
,Tyreek Hill,130,139.5,9/8/24 17:00,Under
,Tyreek Hill,130,139.5,9/8/24 17:00,Under
,Jaylen Waddle,109,99.5,9/8/24 17:00,Over
,De'Von Achane,76,66.5,9/8/24 17:00,Over
,De'Von Achane,76,66.5,9/8/24 17:00,Over
,Josh Oliver,27,7.5,9/8/24 17:00,Over
,Johnny Mundt,15,15.5,9/8/24 17:00,Under
,Rhamondre Stevenson,6,9.5,9/8/24 17:00,Under
,Ja'Lynn Polk,6,6.5,9/8/24 17:00,Under
,Ja'Lynn Polk,6,6.5,9/8/24 17:00,Under
,Josh Oliver,27,7.5,9/8/24 17:00,Over
,D'Andre Swift,0,12.5,9/8/24 17:00,Under
,DJ Moore,36,37.5,9/8/24 17:00,Under
,DJ Moore,36,37.5,9/8/24 17:00,Under
,Dawson Knox,23,23.5,9/8/24 17:00,Under
,Dawson Knox,23,23.5,9/8/24 17:00,Under
,Xavier Legette,35,31.5,9/8/24 17:00,Over
,D'Andre Swift,0,12.5,9/8/24 17:00,Under
,Chig Okonkwo,15,17.5,9/8/24 17:00,Under
,Travis Etienne Jr.,15,15.5,9/8/24 17:00,Under
,Raheem Mostert,10,3.5,9/8/24 17:00,Over
,Raheem Mostert,10,3.5,9/8/24 17:00,Over
,James Cook,32,32.5,9/8/24 17:00,Under
,James Cook,32,32.5,9/8/24 17:00,Under
,James Conner,33,33.5,9/8/24 17:00,Under
,Ray-Ray McCloud III,52,45.5,9/8/24 17:00,Over
,Rome Odunze,11,15.5,9/8/24 17:00,Under
,Rome Odunze,11,15.5,9/8/24 17:00,Under
,Ray-Ray McCloud III,52,45.5,9/8/24 17:00,Over
,Cole Kmet,4,4.5,9/8/24 17:00,Under
,Cole Kmet,4,4.5,9/8/24 17:00,Under
,Darnell Mooney,15,20.5,9/8/24 17:00,Under
,Darnell Mooney,15,20.5,9/8/24 17:00,Under
,Hunter Henry,18,11.5,9/8/24 17:00,Over
,Hunter Henry,18,11.5,9/8/24 17:00,Over
,DeMario Douglas,12,9.5,9/8/24 17:00,Over
,Zack Moss,17,12.5,9/8/24 17:00,Over
,Jonnu Smith,7,7.5,9/8/24 17:00,Under
,Zack Moss,17,12.5,9/8/24 17:00,Over
,Mike Gesicki,18,12.5,9/8/24 17:00,Over
,Jonathan Taylor,0,0.5,9/8/24 17:00,Under
,Jonathan Taylor,0,0.5,9/8/24 17:00,Under
,Alec Pierce,125,68.5,9/8/24 17:00,Over
,Alec Pierce,125,68.5,9/8/24 17:00,Over
,Adonai Mitchell,2,2.5,9/8/24 17:00,Under
,Trenton Irwin,6,6.5,9/8/24 17:00,Under
,Trenton Irwin,6,6.5,9/8/24 17:00,Under
,Ja'Marr Chase,62,69.5,9/8/24 17:00,Under
,Andrei Iosivas,26,26.5,9/8/24 17:00,Under
,Andrei Iosivas,26,26.5,9/8/24 17:00,Under
,Wan'Dale Robinson,44,45.5,9/8/24 17:00,Under
,Wan'Dale Robinson,44,45.5,9/8/24 17:00,Under
,Theo Johnson,18,0.5,9/8/24 17:00,Over
,Theo Johnson,18,0.5,9/8/24 17:00,Over
,Malik Nabers,66,80.5,9/8/24 17:00,Under
,Malik Nabers,66,80.5,9/8/24 17:00,Under
,Devin Singletary,15,15.5,9/8/24 17:00,Under
,Darius Slayton,26,31.5,9/8/24 17:00,Under
,Darius Slayton,26,31.5,9/8/24 17:00,Under
,Daniel Bellinger,3,3.5,9/8/24 17:00,Under
,Daniel Bellinger,3,3.5,9/8/24 17:00,Under
,Xavier Legette,35,31.5,9/8/24 17:00,Over
,Jonathan Mingo,40,35.5,9/8/24 17:00,Over
,Ja'Tavion Sanders,4,7.5,9/8/24 17:00,Under
,Ja'Tavion Sanders,4,7.5,9/8/24 17:00,Under
,Keenan Allen,29,33.5,9/8/24 17:00,Under
,Keenan Allen,29,33.5,9/8/24 17:00,Under
,Rashid Shaheed,73,73.5,9/8/24 17:00,Under
,Rashid Shaheed,73,73.5,9/8/24 17:00,Under
,Keon Coleman,51,23.5,9/8/24 17:00,Over
,Keon Coleman,51,23.5,9/8/24 17:00,Over
,Najee Harris,9,9.5,9/8/24 17:00,Under
,Najee Harris,9,9.5,9/8/24 17:00,Under
,Chris Olave,11,11.5,9/8/24 17:00,Under
,Chris Olave,11,11.5,9/8/24 17:00,Under
,Michael Wilson,5,5.5,9/8/24 17:00,Under
,Khalil Shakir,42,42.5,9/8/24 17:00,Under
,Khalil Shakir,42,42.5,9/8/24 17:00,Under
,Greg Dortch,47,28.5,9/8/24 17:00,Over
,Greg Dortch,47,28.5,9/8/24 17:00,Over
,Curtis Samuel,15,8.5,9/8/24 17:00,Over
,Joe Mixon,19,8.5,9/8/24 17:00,Over
,Joe Mixon,19,8.5,9/8/24 17:00,Over
,Tyjae Spears,11,15.5,9/8/24 17:00,Under
,Tyjae Spears,11,15.5,9/8/24 17:00,Under
,Taysom Hill,1,1.5,9/8/24 17:00,Under
,Taysom Hill,1,1.5,9/8/24 17:00,Under
,Juwan Johnson,26,16.5,9/8/24 17:00,Over
,Juwan Johnson,26,16.5,9/8/24 17:00,Over
,Cedrick Wilson Jr.,0,0.5,9/8/24 17:00,Under
,Cedrick Wilson Jr.,0,0.5,9/8/24 17:00,Under
,Dalton Schultz,16,16.5,9/8/24 17:00,Under
,Chase Brown,12,12.5,9/8/24 17:00,Under
,Chase Brown,12,12.5,9/8/24 17:00,Under
,K.J. Osborn,21,12.5,9/8/24 17:00,Over
,K.J. Osborn,21,12.5,9/8/24 17:00,Over
,Josh Reynolds,45,35.5,9/8/24 20:05,Over
,Courtland Sutton,38,29.5,9/8/24 20:05,Over
,Courtland Sutton,38,29.5,9/8/24 20:05,Over
,Noah Fant,11,11.5,9/8/24 20:05,Under
,Adam Trautman,0,0.5,9/8/24 20:05,Under
,J.K. Dobbins,4,1.5,9/8/24 20:05,Over
,Ladd McConkey,39,24.5,9/8/24 20:05,Over
,Kenneth Walker III,6,-1.5,9/8/24 20:05,Over
,Kenneth Walker III,6,-1.5,9/8/24 20:05,Over
,Zach Charbonnet,29,0.5,9/8/24 20:05,Over
,Zach Charbonnet,29,0.5,9/8/24 20:05,Over
,Jaleel McLaughlin,1,4.5,9/8/24 20:05,Under
,Jaleel McLaughlin,1,4.5,9/8/24 20:05,Under
,Jakobi Meyers,61,42.5,9/8/24 20:05,Over
,Zamir White,2,1.5,9/8/24 20:05,Over
,J.K. Dobbins,4,1.5,9/8/24 20:05,Over
,Davante Adams,59,65.5,9/8/24 20:05,Under
,Davante Adams,59,65.5,9/8/24 20:05,Under
,Jakobi Meyers,61,42.5,9/8/24 20:05,Over
,Joshua Palmer,15,15.5,9/8/24 20:05,Under
,Adam Trautman,0,0.5,9/8/24 20:05,Under
,Joshua Palmer,15,15.5,9/8/24 20:05,Under
,Tre Tucker,22,22.5,9/8/24 20:05,Under
,Tre Tucker,22,22.5,9/8/24 20:05,Under
,Zamir White,2,1.5,9/8/24 20:05,Over
,Michael Mayer,3,3.5,9/8/24 20:05,Under
,DK Metcalf,29,23.5,9/8/24 20:05,Over
,DK Metcalf,29,23.5,9/8/24 20:05,Over
,Jaxon Smith-Njigba,19,27.5,9/8/24 20:05,Under
,Jaxon Smith-Njigba,19,27.5,9/8/24 20:05,Under
,Marvin Mims Jr.,0,0.5,9/8/24 20:05,Under
,Marvin Mims Jr.,0,0.5,9/8/24 20:05,Under
,Tyler Lockett,77,38.5,9/8/24 20:05,Over
,Tyler Lockett,77,38.5,9/8/24 20:05,Over
,Javonte Williams,0,4.5,9/8/24 20:05,Under
,Javonte Williams,0,4.5,9/8/24 20:05,Under
,Hayden Hurst,33,6.5,9/8/24 20:05,Over
,Hayden Hurst,33,6.5,9/8/24 20:05,Over
,Quentin Johnston,38,44.5,9/8/24 20:05,Under
,Quentin Johnston,38,44.5,9/8/24 20:05,Under
,Will Dissly,13,15.5,9/8/24 20:05,Under
,Will Dissly,13,15.5,9/8/24 20:05,Under
,Brock Bowers,58,47.5,9/8/24 20:05,Over
,Brock Bowers,58,47.5,9/8/24 20:05,Over
,Greg Dulcich,12,5.5,9/8/24 20:05,Over
,Greg Dulcich,12,5.5,9/8/24 20:05,Over
,Noah Fant,11,11.5,9/8/24 20:05,Under
,Josh Reynolds,45,35.5,9/8/24 20:05,Over
,Cade Otton,5,5.5,9/8/24 20:25,Under
,CeeDee Lamb,61,66.5,9/8/24 20:25,Under
,CeeDee Lamb,61,66.5,9/8/24 20:25,Under
,Brian Robinson Jr.,49,49.5,9/8/24 20:25,Under
,Jerry Jeudy,25,44.5,9/8/24 20:25,Under
,Jerry Jeudy,25,44.5,9/8/24 20:25,Under
,Rachaad White,75,67.5,9/8/24 20:25,Over
,Rachaad White,75,67.5,9/8/24 20:25,Over
,Ezekiel Elliott,9,9.5,9/8/24 20:25,Under
,Ezekiel Elliott,9,9.5,9/8/24 20:25,Under
,Cedric Tillman,3,3.5,9/8/24 20:25,Under
,David Njoku,44,38.5,9/8/24 20:25,Over
,David Njoku,44,38.5,9/8/24 20:25,Over
,Brandin Cooks,40,47.5,9/8/24 20:25,Under
,Jalen Tolbert,12,12.5,9/8/24 20:25,Under
,Jalen Tolbert,12,12.5,9/8/24 20:25,Under
,Jake Ferguson,15,19.5,9/8/24 20:25,Under
,Jake Ferguson,15,19.5,9/8/24 20:25,Under
,Brandin Cooks,40,47.5,9/8/24 20:25,Under
,Chris Godwin,83,59.5,9/8/24 20:25,Over
,Olamide Zaccheaus,15,0.5,9/8/24 20:25,Over
,Olamide Zaccheaus,15,0.5,9/8/24 20:25,Over
,Dyami Brown,0,0.5,9/8/24 20:25,Under
,Dyami Brown,0,0.5,9/8/24 20:25,Under
,Chris Godwin,83,59.5,9/8/24 20:25,Over
,Cade Otton,5,5.5,9/8/24 20:25,Under
,Jerome Ford,25,20.5,9/8/24 20:25,Over
,Jerome Ford,25,20.5,9/8/24 20:25,Over
,Elijah Moore,9,13.5,9/8/24 20:25,Under
,Austin Ekeler,52,45.5,9/8/24 20:25,Over
,Austin Ekeler,52,45.5,9/8/24 20:25,Over
,Terry McLaurin,17,8.5,9/8/24 20:25,Over
,Terry McLaurin,17,8.5,9/8/24 20:25,Over
,Amari Cooper,16,32.5,9/8/24 20:25,Under
,Amari Cooper,16,32.5,9/8/24 20:25,Under
,Rico Dowdle,6,0.5,9/8/24 20:25,Over
,Jalen McMillan,32,0.5,9/8/24 20:25,Over
,Jalen McMillan,32,0.5,9/8/24 20:25,Over
,Zach Ertz,28,16.5,9/8/24 20:25,Over
,Zach Ertz,28,16.5,9/8/24 20:25,Over
,Rico Dowdle,6,0.5,9/8/24 20:25,Over
,Mike Evans,61,60.5,9/8/24 20:25,Over
,Mike Evans,61,60.5,9/8/24 20:25,Over
,Kalif Raymond,0,0.5,9/9/24 0:20,Under
,Jameson Williams,121,116.5,9/9/24 0:20,Over
,Colby Parkinson,47,49.5,9/9/24 0:20,Under
,Sam LaPorta,45,29.5,9/9/24 0:20,Over
,Cooper Kupp,110,85.5,9/9/24 0:20,Over
,Cooper Kupp,110,85.5,9/9/24 0:20,Over
,Kalif Raymond,0,0.5,9/9/24 0:20,Under
,Davis Allen,0,3.5,9/9/24 0:20,Under
,Davis Allen,0,3.5,9/9/24 0:20,Under
,Amon-Ra St. Brown,13,17.5,9/9/24 0:20,Under
,Jameson Williams,121,116.5,9/9/24 0:20,Over
,David Montgomery,2,0.5,9/9/24 0:20,Over
,David Montgomery,2,0.5,9/9/24 0:20,Over
,Kyren Williams,4,6.5,9/9/24 0:20,Under
,Kyren Williams,4,6.5,9/9/24 0:20,Under
,Puka Nacua,35,70.5,9/9/24 0:20,Under
,Puka Nacua,35,70.5,9/9/24 0:20,Under
,Blake Corum,0,1.5,9/9/24 0:20,Under
,Blake Corum,0,1.5,9/9/24 0:20,Under
,Demarcus Robinson,42,18.5,9/9/24 0:20,Over
,Demarcus Robinson,42,18.5,9/9/24 0:20,Over
,Sam LaPorta,45,29.5,9/9/24 0:20,Over
,Amon-Ra St. Brown,13,17.5,9/9/24 0:20,Under
,Jahmyr Gibbs,34,16.5,9/9/24 0:20,Over
,Jahmyr Gibbs,34,16.5,9/9/24 0:20,Over
,Garrett Wilson,60,61.5,9/10/24 0:15,Under
,Allen Lazard,89,62.5,9/10/24 0:15,Over
,Allen Lazard,89,62.5,9/10/24 0:15,Over
,Brandon Aiyuk,28,14.5,9/10/24 0:15,Over
,Brandon Aiyuk,28,14.5,9/10/24 0:15,Over
,Deebo Samuel Sr.,54,29.5,9/10/24 0:15,Over
,Deebo Samuel Sr.,54,29.5,9/10/24 0:15,Over
,George Kittle,40,38.5,9/10/24 0:15,Over
,George Kittle,40,38.5,9/10/24 0:15,Over
,Xavier Gipson,0,0.5,9/10/24 0:15,Under
,Xavier Gipson,0,0.5,9/10/24 0:15,Under
,Jauan Jennings,64,41.5,9/10/24 0:15,Over
,Garrett Wilson,60,61.5,9/10/24 0:15,Under
,Tyler Conklin,6,0.5,9/10/24 0:15,Over
,Tyler Conklin,6,0.5,9/10/24 0:15,Over
,Kyle Juszczyk,40,0.5,9/10/24 0:15,Over
,Jauan Jennings,64,41.5,9/10/24 0:15,Over
,Breece Hall,39,43.5,9/10/24 0:15,Under
,Breece Hall,39,43.5,9/10/24 0:15,Under
,Jordan Mason,5,10.5,9/10/24 0:15,Under
,Jordan Mason,5,10.5,9/10/24 0:15,Under
,Kyle Juszczyk,40,0.5,9/10/24 0:15,Over
,Braxton Berrios,0,0.5,9/13/24 0:15,Under
,Khalil Shakir,54,42.5,9/13/24 0:15,Over
,Jonnu Smith,53,53.5,9/13/24 0:15,Under
,Jaylen Waddle,41,55.5,9/13/24 0:15,Under
,Jaylen Waddle,41,55.5,9/13/24 0:15,Under
,Jonnu Smith,53,53.5,9/13/24 0:15,Under
,Keon Coleman,0,0.5,9/13/24 0:15,Under
,De'Von Achane,69,29.5,9/13/24 0:15,Over
,Durham Smythe,8,1.5,9/13/24 0:15,Over
,De'Von Achane,69,29.5,9/13/24 0:15,Over
,Dalton Kincaid,33,26.5,9/13/24 0:15,Over
,Mack Hollins,0,0.5,9/13/24 0:15,Under
,Mack Hollins,0,0.5,9/13/24 0:15,Under
,Khalil Shakir,54,42.5,9/13/24 0:15,Over
,Dawson Knox,0,0.5,9/13/24 0:15,Under
,James Cook,17,17.5,9/13/24 0:15,Under
,James Cook,17,17.5,9/13/24 0:15,Under
,Curtis Samuel,3,3.5,9/13/24 0:15,Under
,Curtis Samuel,3,3.5,9/13/24 0:15,Under
,Dawson Knox,0,0.5,9/13/24 0:15,Under
,Durham Smythe,8,1.5,9/13/24 0:15,Over
,Keon Coleman,0,0.5,9/13/24 0:15,Under
,Braxton Berrios,0,0.5,9/13/24 0:15,Under
,Dalton Kincaid,33,26.5,9/13/24 0:15,Over
,Tyreek Hill,24,45.5,9/13/24 0:15,Under
,Tyreek Hill,24,45.5,9/13/24 0:15,Under
,Cade Otton,0,0.5,9/15/24 17:00,Under
,Jonathan Taylor,32,32.5,9/15/24 17:00,Under
,Jonathan Taylor,32,32.5,9/15/24 17:00,Under
,Jordan Akins,10,10.5,9/15/24 17:00,Under
,Jordan Akins,10,10.5,9/15/24 17:00,Under
,Chris Olave,81,81.5,9/15/24 17:00,Under
,Rashid Shaheed,96,103.5,9/15/24 17:00,Under
,Rashid Shaheed,96,103.5,9/15/24 17:00,Under
,Brandon Powell,16,0.5,9/15/24 17:00,Over
,Brandon Powell,16,0.5,9/15/24 17:00,Over
,Michael Pittman Jr.,21,23.5,9/15/24 17:00,Under
,Michael Pittman Jr.,21,23.5,9/15/24 17:00,Under
,Alec Pierce,56,13.5,9/15/24 17:00,Over
,Alec Pierce,56,13.5,9/15/24 17:00,Over
,Adonai Mitchell,30,33.5,9/15/24 17:00,Under
,Adonai Mitchell,30,33.5,9/15/24 17:00,Under
,Jalen Tolbert,82,82.5,9/15/24 17:00,Under
,Jalen Tolbert,82,82.5,9/15/24 17:00,Under
,Quentin Johnston,51,37.5,9/15/24 17:00,Over
,Quentin Johnston,51,37.5,9/15/24 17:00,Over
,Joshua Palmer,19,9.5,9/15/24 17:00,Over
,Joshua Palmer,19,9.5,9/15/24 17:00,Over
,Hayden Hurst,5,5.5,9/15/24 17:00,Under
,Hayden Hurst,5,5.5,9/15/24 17:00,Under
,Adam Thielen,20,11.5,9/15/24 17:00,Over
,Adam Thielen,20,11.5,9/15/24 17:00,Over
,Amari Cooper,11,12.5,9/15/24 17:00,Under
,Amari Cooper,11,12.5,9/15/24 17:00,Under
,Hunter Henry,109,109.5,9/15/24 17:00,Under
,Tony Pollard,40,37.5,9/15/24 17:00,Over
,Tony Pollard,40,37.5,9/15/24 17:00,Over
,Rashod Bateman,40,22.5,9/15/24 17:00,Over
,Rashod Bateman,40,22.5,9/15/24 17:00,Over
,Justice Hill,10,7.5,9/15/24 17:00,Over
,Justice Hill,10,7.5,9/15/24 17:00,Over
,Xavier Legette,0,0.5,9/15/24 17:00,Under
,Will Dissly,29,14.5,9/15/24 17:00,Over
,Will Dissly,29,14.5,9/15/24 17:00,Over
,Trey Palmer,0,0.5,9/15/24 17:00,Under
,Trey Palmer,0,0.5,9/15/24 17:00,Under
,Gabe Davis,43,12.5,9/15/24 17:00,Over
,Gabe Davis,43,12.5,9/15/24 17:00,Over
,Ezekiel Elliott,16,18.5,9/15/24 17:00,Under
,Ezekiel Elliott,16,18.5,9/15/24 17:00,Under
,Tyquan Thornton,0,0.5,9/15/24 17:00,Under
,Tyquan Thornton,0,0.5,9/15/24 17:00,Under
,Rhamondre Stevenson,9,9.5,9/15/24 17:00,Under
,Rhamondre Stevenson,9,9.5,9/15/24 17:00,Under
,K.J. Osborn,7,0.5,9/15/24 17:00,Over
,K.J. Osborn,7,0.5,9/15/24 17:00,Over
,Derrick Henry,12,12.5,9/15/24 17:00,Under
,Derrick Henry,12,12.5,9/15/24 17:00,Under
,Alvin Kamara,65,62.5,9/15/24 17:00,Over
,Alvin Kamara,65,62.5,9/15/24 17:00,Over
,Jakobi Meyers,29,23.5,9/15/24 17:00,Over
,Jakobi Meyers,29,23.5,9/15/24 17:00,Over
,Davante Adams,110,89.5,9/15/24 17:00,Over
,Brock Bowers,98,71.5,9/15/24 17:00,Over
,Brock Bowers,98,71.5,9/15/24 17:00,Over
,Tyler Boyd,26,26.5,9/15/24 17:00,Under
,DeAndre Hopkins,9,9.5,9/15/24 17:00,Under
,Calvin Ridley,77,57.5,9/15/24 17:00,Over
,Calvin Ridley,77,57.5,9/15/24 17:00,Over
,David Montgomery,35,11.5,9/15/24 17:00,Over
,Amon-Ra St. Brown,119,117.5,9/15/24 17:00,Over
,Amon-Ra St. Brown,119,117.5,9/15/24 17:00,Over
,Kyle Juszczyk,19,19.5,9/15/24 17:00,Under
,Jameson Williams,79,81.5,9/15/24 17:00,Under
,Jameson Williams,79,81.5,9/15/24 17:00,Under
,Zamir White,14,13.5,9/15/24 17:00,Over
,Zamir White,14,13.5,9/15/24 17:00,Over
,Ja'Lynn Polk,12,5.5,9/15/24 17:00,Over
,Ja'Lynn Polk,12,5.5,9/15/24 17:00,Over
,Jerome Ford,0,0.5,9/15/24 17:00,Under
,Jerome Ford,0,0.5,9/15/24 17:00,Under
,Elijah Moore,44,44.5,9/15/24 17:00,Under
,Elijah Moore,44,44.5,9/15/24 17:00,Under
,Theo Johnson,0,4.5,9/15/24 17:00,Under
,Theo Johnson,0,4.5,9/15/24 17:00,Under
,Devin Singletary,0,2.5,9/15/24 17:00,Under
,Devin Singletary,0,2.5,9/15/24 17:00,Under
,Darius Slayton,33,35.5,9/15/24 17:00,Under
,Dontayvion Wicks,26,14.5,9/15/24 17:00,Over
,Jalen McMillan,21,21.5,9/15/24 17:00,Under
,Jalen McMillan,21,21.5,9/15/24 17:00,Under
,Davante Adams,110,89.5,9/15/24 17:00,Over
,Josh Jacobs,0,0.5,9/15/24 17:00,Under
,Josh Jacobs,0,0.5,9/15/24 17:00,Under
,Nelson Agholor,13,13.5,9/15/24 17:00,Under
,Nelson Agholor,13,13.5,9/15/24 17:00,Under
,Michael Mayer,11,11.5,9/15/24 17:00,Under
,Michael Mayer,11,11.5,9/15/24 17:00,Under
,Zach Charbonnet,31,15.5,9/15/24 17:00,Over
,David Montgomery,35,11.5,9/15/24 17:00,Over
,Zach Ertz,62,62.5,9/15/24 17:00,Under
,Zach Ertz,62,62.5,9/15/24 17:00,Under
,Wan'Dale Robinson,18,23.5,9/15/24 17:00,Under
,Wan'Dale Robinson,18,23.5,9/15/24 17:00,Under
,Terry McLaurin,22,22.5,9/15/24 17:00,Under
,Terry McLaurin,22,22.5,9/15/24 17:00,Under
,Malik Nabers,127,108.5,9/15/24 17:00,Over
,Malik Nabers,127,108.5,9/15/24 17:00,Over
,Juwan Johnson,0,0.5,9/15/24 17:00,Under
,Josh Oliver,0,0.5,9/15/24 17:00,Under
,Brandon Aiyuk,43,39.5,9/15/24 17:00,Over
,Tucker Kraft,16,17.5,9/15/24 17:00,Under
,Tucker Kraft,16,17.5,9/15/24 17:00,Under
,Romeo Doubs,62,8.5,9/15/24 17:00,Over
,Romeo Doubs,62,8.5,9/15/24 17:00,Over
,Christian Watson,0,0.5,9/15/24 17:00,Under
,Christian Watson,0,0.5,9/15/24 17:00,Under
,Dontayvion Wicks,26,14.5,9/15/24 17:00,Over
,Tyler Conklin,10,10.5,9/15/24 17:00,Under
,Tyjae Spears,11,16.5,9/15/24 17:00,Under
,Tyjae Spears,11,16.5,9/15/24 17:00,Under
,Ladd McConkey,26,11.5,9/15/24 17:00,Over
,Ladd McConkey,26,11.5,9/15/24 17:00,Over
,Jonathan Mingo,1,0.5,9/15/24 17:00,Over
,Jonathan Mingo,1,0.5,9/15/24 17:00,Over
,Zach Charbonnet,31,15.5,9/15/24 17:00,Over
,Chris Olave,81,81.5,9/15/24 17:00,Under
,Austin Hooper,5,10.5,9/15/24 17:00,Under
,Austin Hooper,5,10.5,9/15/24 17:00,Under
,Kalif Raymond,27,1.5,9/15/24 17:00,Over
,J.K. Dobbins,0,0.5,9/15/24 17:00,Under
,J.K. Dobbins,0,0.5,9/15/24 17:00,Under
,Justin Jefferson,133,144.5,9/15/24 17:00,Under
,Justin Jefferson,133,144.5,9/15/24 17:00,Under
,Luke McCaffrey,0,0.5,9/15/24 17:00,Under
,Luke McCaffrey,0,0.5,9/15/24 17:00,Under
,Austin Ekeler,47,20.5,9/15/24 17:00,Over
,Austin Ekeler,47,20.5,9/15/24 17:00,Over
,Chig Okonkwo,16,16.5,9/15/24 17:00,Under
,Chig Okonkwo,16,16.5,9/15/24 17:00,Under
,Christian Kirk,-1,-0.5,9/15/24 17:00,Under
,Christian Kirk,-1,-0.5,9/15/24 17:00,Under
,Brian Thomas Jr.,94,66.5,9/15/24 17:00,Over
,Brian Thomas Jr.,94,66.5,9/15/24 17:00,Over
,Sam LaPorta,13,15.5,9/15/24 17:00,Under
,Sam LaPorta,13,15.5,9/15/24 17:00,Under
,Jahmyr Gibbs,22,15.5,9/15/24 17:00,Over
,Jahmyr Gibbs,22,15.5,9/15/24 17:00,Over
,Chris Godwin,117,117.5,9/15/24 17:00,Under
,Chris Godwin,117,117.5,9/15/24 17:00,Under
,Alexander Mattison,0,0.5,9/15/24 17:00,Under
,George Kittle,76,75.5,9/15/24 17:00,Over
,George Kittle,76,75.5,9/15/24 17:00,Over
,Deebo Samuel Sr.,110,92.5,9/15/24 17:00,Over
,Deebo Samuel Sr.,110,92.5,9/15/24 17:00,Over
,Brandon Aiyuk,43,39.5,9/15/24 17:00,Over
,Miles Sanders,5,3.5,9/15/24 17:00,Over
,Miles Sanders,5,3.5,9/15/24 17:00,Over
,Zay Flowers,91,91.5,9/15/24 17:00,Under
,Zay Flowers,91,91.5,9/15/24 17:00,Under
,Taysom Hill,1,0.5,9/15/24 17:00,Over
,Taysom Hill,1,0.5,9/15/24 17:00,Over
,Josh Oliver,0,0.5,9/15/24 17:00,Under
,Jordan Mason,4,3.5,9/15/24 17:00,Over
,Jordan Mason,4,3.5,9/15/24 17:00,Over
,Travis Etienne Jr.,6,8.5,9/15/24 17:00,Under
,Travis Etienne Jr.,6,8.5,9/15/24 17:00,Under
,Ty Chandler,0,0.5,9/15/24 17:00,Under
,Ty Chandler,0,0.5,9/15/24 17:00,Under
,Johnny Mundt,12,6.5,9/15/24 17:00,Over
,Johnny Mundt,12,6.5,9/15/24 17:00,Over
,Jalen Nailor,54,28.5,9/15/24 17:00,Over
,Jalen Nailor,54,28.5,9/15/24 17:00,Over
,Aaron Jones,36,20.5,9/15/24 17:00,Over
,Aaron Jones,36,20.5,9/15/24 17:00,Over
,Noah Fant,14,14.5,9/15/24 17:00,Under
,Tyler Boyd,26,26.5,9/15/24 17:00,Under
,Darius Slayton,33,35.5,9/15/24 17:00,Under
,Brian Robinson Jr.,3,3.5,9/15/24 17:00,Under
,Juwan Johnson,0,0.5,9/15/24 17:00,Under
,Cedric Tillman,2,0.5,9/15/24 17:00,Over
,Cedric Tillman,2,0.5,9/15/24 17:00,Over
,Tyler Conklin,10,10.5,9/15/24 17:00,Under
,Foster Moreau,0,0.5,9/15/24 17:00,Under
,Foster Moreau,0,0.5,9/15/24 17:00,Under
,Garrett Wilson,57,42.5,9/15/24 17:00,Over
,Rachaad White,5,21.5,9/15/24 17:00,Under
,Rachaad White,5,21.5,9/15/24 17:00,Under
,Bucky Irving,0,6.5,9/15/24 17:00,Under
,Bucky Irving,0,6.5,9/15/24 17:00,Under
,Garrett Wilson,57,42.5,9/15/24 17:00,Over
,DeAndre Hopkins,9,9.5,9/15/24 17:00,Under
,Breece Hall,52,43.5,9/15/24 17:00,Over
,Breece Hall,52,43.5,9/15/24 17:00,Over
,Antonio Gibson,7,7.5,9/15/24 17:00,Under
,Mike Evans,42,35.5,9/15/24 17:00,Over
,Mike Evans,42,35.5,9/15/24 17:00,Over
,Allen Lazard,11,8.5,9/15/24 17:00,Over
,Tre Tucker,13,13.5,9/15/24 17:00,Under
,Tre Tucker,13,13.5,9/15/24 17:00,Under
,Alexander Mattison,0,0.5,9/15/24 17:00,Under
,Allen Lazard,11,8.5,9/15/24 17:00,Over
,Kyle Juszczyk,19,19.5,9/15/24 17:00,Under
,Jauan Jennings,37,37.5,9/15/24 17:00,Under
,Jauan Jennings,37,37.5,9/15/24 17:00,Under
,Tyler Lockett,15,2.5,9/15/24 17:00,Over
,Tyler Lockett,15,2.5,9/15/24 17:00,Over
,Noah Fant,14,14.5,9/15/24 17:00,Under
,Jaxon Smith-Njigba,117,106.5,9/15/24 17:00,Over
,Jaxon Smith-Njigba,117,106.5,9/15/24 17:00,Over
,DK Metcalf,129,102.5,9/15/24 17:00,Over
,DK Metcalf,129,102.5,9/15/24 17:00,Over
,Xavier Legette,0,0.5,9/15/24 17:00,Under
,Mark Andrews,51,43.5,9/15/24 17:00,Over
,Mark Andrews,51,43.5,9/15/24 17:00,Over
,Jayden Reed,9,22.5,9/15/24 17:00,Under
,Jayden Reed,9,22.5,9/15/24 17:00,Under
,Antonio Gibson,7,7.5,9/15/24 17:00,Under
,Rico Dowdle,29,31.5,9/15/24 17:00,Under
,Rico Dowdle,29,31.5,9/15/24 17:00,Under
,Luke Schoonmaker,43,44.5,9/15/24 17:00,Under
,Luke Schoonmaker,43,44.5,9/15/24 17:00,Under
,CeeDee Lamb,90,114.5,9/15/24 17:00,Under
,CeeDee Lamb,90,114.5,9/15/24 17:00,Under
,Brandin Cooks,19,32.5,9/15/24 17:00,Under
,Brandin Cooks,19,32.5,9/15/24 17:00,Under
,Diontae Johnson,15,20.5,9/15/24 17:00,Under
,Diontae Johnson,15,20.5,9/15/24 17:00,Under
,Chuba Hubbard,12,5.5,9/15/24 17:00,Over
,Chuba Hubbard,12,5.5,9/15/24 17:00,Over
,Kalif Raymond,27,1.5,9/15/24 17:00,Over
,Cade Otton,0,0.5,9/15/24 17:00,Under
,DeMario Douglas,0,0.5,9/15/24 17:00,Under
,DeMario Douglas,0,0.5,9/15/24 17:00,Under
,Isaiah Likely,26,11.5,9/15/24 17:00,Over
,Isaiah Likely,26,11.5,9/15/24 17:00,Over
,Jerry Jeudy,73,30.5,9/15/24 17:00,Over
,Jerry Jeudy,73,30.5,9/15/24 17:00,Over
,Brian Robinson Jr.,3,3.5,9/15/24 17:00,Under
,Trey McBride,67,49.5,9/15/24 20:05,Over
,Cooper Kupp,37,89.5,9/15/24 20:05,Under
,James Conner,2,2.5,9/15/24 20:05,Under
,James Conner,2,2.5,9/15/24 20:05,Under
,Michael Wilson,31,28.5,9/15/24 20:05,Over
,Michael Wilson,31,28.5,9/15/24 20:05,Over
,Greg Dortch,11,0.5,9/15/24 20:05,Over
,Greg Dortch,11,0.5,9/15/24 20:05,Over
,Kyren Williams,27,9.5,9/15/24 20:05,Over
,Kyren Williams,27,9.5,9/15/24 20:05,Over
,Marvin Harrison Jr.,130,130.5,9/15/24 20:05,Under
,Marvin Harrison Jr.,130,130.5,9/15/24 20:05,Under
,Trey McBride,67,49.5,9/15/24 20:05,Over
,Demarcus Robinson,50,51.5,9/15/24 20:05,Under
,Demarcus Robinson,50,51.5,9/15/24 20:05,Under
,Tyler Johnson,20,24.5,9/15/24 20:05,Under
,Colby Parkinson,12,12.5,9/15/24 20:05,Under
,Colby Parkinson,12,12.5,9/15/24 20:05,Under
,Andrei Iosivas,7,7.5,9/15/24 20:25,Under
,Marvin Mims Jr.,10,14.5,9/15/24 20:25,Under
,Marvin Mims Jr.,10,14.5,9/15/24 20:25,Under
,Courtland Sutton,26,29.5,9/15/24 20:25,Under
,Courtland Sutton,26,29.5,9/15/24 20:25,Under
,Van Jefferson,14,14.5,9/15/24 20:25,Under
,Van Jefferson,14,14.5,9/15/24 20:25,Under
,Najee Harris,5,5.5,9/15/24 20:25,Under
,Najee Harris,5,5.5,9/15/24 20:25,Under
,Chase Brown,0,0.5,9/15/24 20:25,Under
,Xavier Worthy,17,27.5,9/15/24 20:25,Under
,Xavier Worthy,17,27.5,9/15/24 20:25,Under
,Jaylen Warren,19,19.5,9/15/24 20:25,Under
,Chase Brown,0,0.5,9/15/24 20:25,Under
,Justin Watson,22,22.5,9/15/24 20:25,Under
,Justin Watson,22,22.5,9/15/24 20:25,Under
,Jaylen Warren,19,19.5,9/15/24 20:25,Under
,Noah Gray,0,0.5,9/15/24 20:25,Under
,Noah Gray,0,0.5,9/15/24 20:25,Under
,Trenton Irwin,5,5.5,9/15/24 20:25,Under
,Pat Freiermuth,39,39.5,9/15/24 20:25,Under
,Trenton Irwin,5,5.5,9/15/24 20:25,Under
,Zack Moss,13,0.5,9/15/24 20:25,Over
,Zack Moss,13,0.5,9/15/24 20:25,Over
,George Pickens,29,29.5,9/15/24 20:25,Under
,Jaleel McLaughlin,0,0.5,9/15/24 20:25,Under
,Jaleel McLaughlin,0,0.5,9/15/24 20:25,Under
,George Pickens,29,29.5,9/15/24 20:25,Under
,Isiah Pacheco,21,21.5,9/15/24 20:25,Under
,Isiah Pacheco,21,21.5,9/15/24 20:25,Under
,Mike Gesicki,91,72.5,9/15/24 20:25,Over
,Mike Gesicki,91,72.5,9/15/24 20:25,Over
,Rashee Rice,75,68.5,9/15/24 20:25,Over
,Rashee Rice,75,68.5,9/15/24 20:25,Over
,Travis Kelce,5,14.5,9/15/24 20:25,Under
,Travis Kelce,5,14.5,9/15/24 20:25,Under
,Andrei Iosivas,7,7.5,9/15/24 20:25,Under
,Ja'Marr Chase,35,41.5,9/15/24 20:25,Under
,Ja'Marr Chase,35,41.5,9/15/24 20:25,Under
,Greg Dulcich,16,7.5,9/15/24 20:25,Over
,Greg Dulcich,16,7.5,9/15/24 20:25,Over
,Javonte Williams,48,35.5,9/15/24 20:25,Over
,Javonte Williams,48,35.5,9/15/24 20:25,Over
,Josh Reynolds,93,80.5,9/15/24 20:25,Over
,Josh Reynolds,93,80.5,9/15/24 20:25,Over
,Rome Odunze,33,6.5,9/16/24 0:20,Over
,Dalton Schultz,21,5.5,9/16/24 0:20,Over
,Gerald Everett,1,1.5,9/16/24 0:20,Under
,Cole Kmet,27,27.5,9/16/24 0:20,Under
,Stefon Diggs,37,36.5,9/16/24 0:20,Over
,Nico Collins,135,135.5,9/16/24 0:20,Under
,Tank Dell,-3,-1.5,9/16/24 0:20,Under
,Stefon Diggs,37,36.5,9/16/24 0:20,Over
,Tank Dell,-3,-1.5,9/16/24 0:20,Under
,DJ Moore,53,61.5,9/16/24 0:20,Under
,Gerald Everett,1,1.5,9/16/24 0:20,Under
,Joe Mixon,25,22.5,9/16/24 0:20,Over
,Joe Mixon,25,22.5,9/16/24 0:20,Over
,DJ Moore,53,61.5,9/16/24 0:20,Under
,Nico Collins,135,135.5,9/16/24 0:20,Under
,Dalton Schultz,21,5.5,9/16/24 0:20,Over
,Cole Kmet,27,27.5,9/16/24 0:20,Under
,D'Andre Swift,24,24.5,9/16/24 0:20,Under
,Rome Odunze,33,6.5,9/16/24 0:20,Over
,D'Andre Swift,24,24.5,9/16/24 0:20,Under
,DeVonta Smith,76,76.5,9/17/24 0:15,Under
,Kyle Pitts,20,9.5,9/17/24 0:15,Over
,Kyle Pitts,20,9.5,9/17/24 0:15,Over
,Ray-Ray McCloud III,42,42.5,9/17/24 0:15,Under
,Ray-Ray McCloud III,42,42.5,9/17/24 0:15,Under
,DeVonta Smith,76,76.5,9/17/24 0:15,Under
,Dallas Goedert,38,9.5,9/17/24 0:15,Over
,Saquon Barkley,21,13.5,9/17/24 0:15,Over
,Kenneth Gainwell,0,0.5,9/17/24 0:15,Under
,Johnny Wilson,0,0.5,9/17/24 0:15,Under
,Kenneth Gainwell,0,0.5,9/17/24 0:15,Under
,Drake London,54,44.5,9/17/24 0:15,Over
,Drake London,54,44.5,9/17/24 0:15,Over
,Johnny Wilson,0,0.5,9/17/24 0:15,Under
,Bijan Robinson,25,28.5,9/17/24 0:15,Under
,Jahan Dotson,6,13.5,9/17/24 0:15,Under
,Darnell Mooney,88,41.5,9/17/24 0:15,Over
,Bijan Robinson,25,28.5,9/17/24 0:15,Under
,Darnell Mooney,88,41.5,9/17/24 0:15,Over
,Dallas Goedert,38,9.5,9/17/24 0:15,Over
,Saquon Barkley,21,13.5,9/17/24 0:15,Over
,Braelon Allen,13,2.5,9/20/24 0:15,Over
,Tyler Conklin,93,62.5,9/20/24 0:15,Over
,Ja'Lynn Polk,13,13.5,9/20/24 0:15,Under
,Hunter Henry,9,9.5,9/20/24 0:15,Under
,Hunter Henry,9,9.5,9/20/24 0:15,Under
,Allen Lazard,48,48.5,9/20/24 0:15,Under
,Rhamondre Stevenson,0,5.5,9/20/24 0:15,Under
,Rhamondre Stevenson,0,5.5,9/20/24 0:15,Under
,Garrett Wilson,33,26.5,9/20/24 0:15,Over
,Garrett Wilson,33,26.5,9/20/24 0:15,Over
,K.J. Osborn,0,1.5,9/20/24 0:15,Under
,K.J. Osborn,0,1.5,9/20/24 0:15,Under
,Tyler Conklin,93,62.5,9/20/24 0:15,Over
,Antonio Gibson,8,8.5,9/20/24 0:15,Under
,Antonio Gibson,8,8.5,9/20/24 0:15,Under
,Braelon Allen,13,2.5,9/20/24 0:15,Over
,Tyquan Thornton,0,0.5,9/20/24 0:15,Under
,Austin Hooper,19,19.5,9/20/24 0:15,Under
,Austin Hooper,19,19.5,9/20/24 0:15,Under
,Mike Williams,34,16.5,9/20/24 0:15,Over
,Mike Williams,34,16.5,9/20/24 0:15,Over
,Tyquan Thornton,0,0.5,9/20/24 0:15,Under
,Breece Hall,29,31.5,9/20/24 0:15,Under
,Allen Lazard,48,48.5,9/20/24 0:15,Under
,DeMario Douglas,69,49.5,9/20/24 0:15,Over
,Ja'Lynn Polk,13,13.5,9/20/24 0:15,Under
,DeMario Douglas,69,49.5,9/20/24 0:15,Over
,Breece Hall,29,31.5,9/20/24 0:15,Under
,Hayden Hurst,15,24.5,9/22/24 17:00,Under
,Jaleel McLaughlin,7,7.5,9/22/24 17:00,Under
,Javonte Williams,29,21.5,9/22/24 17:00,Over
,Javonte Williams,29,21.5,9/22/24 17:00,Over
,Jaleel McLaughlin,7,7.5,9/22/24 17:00,Under
,Kylen Granson,40,40.5,9/22/24 17:00,Under
,Kylen Granson,40,40.5,9/22/24 17:00,Under
,Theo Johnson,13,0.5,9/22/24 17:00,Over
,Theo Johnson,13,0.5,9/22/24 17:00,Over
,Darius Slayton,7,7.5,9/22/24 17:00,Under
,Darius Slayton,7,7.5,9/22/24 17:00,Under
,Brandon Powell,13,0.5,9/22/24 17:00,Over
,Justin Jefferson,81,81.5,9/22/24 17:00,Under
,Justin Jefferson,81,81.5,9/22/24 17:00,Under
,Jalen Nailor,31,31.5,9/22/24 17:00,Under
,Tucker Kraft,24,21.5,9/22/24 17:00,Over
,Tucker Kraft,24,21.5,9/22/24 17:00,Over
,Christian Watson,67,67.5,9/22/24 17:00,Under
,Christian Watson,67,67.5,9/22/24 17:00,Under
,Hayden Hurst,15,24.5,9/22/24 17:00,Under
,Bucky Irving,14,4.5,9/22/24 17:00,Over
,DeVonta Smith,79,84.5,9/22/24 17:00,Under
,DeVonta Smith,79,84.5,9/22/24 17:00,Under
,Bucky Irving,14,4.5,9/22/24 17:00,Over
,Nico Collins,86,59.5,9/22/24 17:00,Over
,Tony Pollard,15,14.5,9/22/24 17:00,Over
,Tony Pollard,15,14.5,9/22/24 17:00,Over
,Rome Odunze,112,92.5,9/22/24 17:00,Over
,Rome Odunze,112,92.5,9/22/24 17:00,Over
,Saquon Barkley,9,17.5,9/22/24 17:00,Under
,Rashid Shaheed,0,27.5,9/22/24 17:00,Under
,Rashid Shaheed,0,27.5,9/22/24 17:00,Under
,Juwan Johnson,0,9.5,9/22/24 17:00,Under
,Foster Moreau,2,9.5,9/22/24 17:00,Under
,Foster Moreau,2,9.5,9/22/24 17:00,Under
,Ty Chandler,0,0.5,9/22/24 17:00,Under
,Najee Harris,16,14.5,9/22/24 17:00,Over
,Jaylen Warren,-4,3.5,9/22/24 17:00,Under
,Jaylen Warren,-4,3.5,9/22/24 17:00,Under
,Courtland Sutton,68,63.5,9/22/24 17:00,Over
,Courtland Sutton,68,63.5,9/22/24 17:00,Over
,Josh Reynolds,36,37.5,9/22/24 17:00,Under
,Josh Reynolds,36,37.5,9/22/24 17:00,Under
,Josh Jacobs,5,0.5,9/22/24 17:00,Over
,Josh Jacobs,5,0.5,9/22/24 17:00,Over
,Dontayvion Wicks,0,0.5,9/22/24 17:00,Under
,Dontayvion Wicks,0,0.5,9/22/24 17:00,Under
,Romeo Doubs,18,18.5,9/22/24 17:00,Under
,Gerald Everett,0,0.5,9/22/24 17:00,Under
,Gerald Everett,0,0.5,9/22/24 17:00,Under
,DJ Moore,78,88.5,9/22/24 17:00,Under
,DJ Moore,78,88.5,9/22/24 17:00,Under
,DeAndre Carter,22,13.5,9/22/24 17:00,Over
,DeAndre Carter,22,13.5,9/22/24 17:00,Over
,D'Andre Swift,22,22.5,9/22/24 17:00,Under
,D'Andre Swift,22,22.5,9/22/24 17:00,Under
,Cole Kmet,97,72.5,9/22/24 17:00,Over
,Cole Kmet,97,72.5,9/22/24 17:00,Over
,Jayden Reed,50,50.5,9/22/24 17:00,Under
,Jayden Reed,50,50.5,9/22/24 17:00,Under
,Calvin Ridley,9,9.5,9/22/24 17:00,Under
,Romeo Doubs,18,18.5,9/22/24 17:00,Under
,Greg Dulcich,0,0.5,9/22/24 17:00,Under
,Jahan Dotson,8,13.5,9/22/24 17:00,Under
,Jahan Dotson,8,13.5,9/22/24 17:00,Under
,Alvin Kamara,40,27.5,9/22/24 17:00,Over
,Greg Dulcich,0,0.5,9/22/24 17:00,Under
,Johnny Mundt,2,0.5,9/22/24 17:00,Over
,Johnny Mundt,2,0.5,9/22/24 17:00,Over
,Jordan Akins,29,29.5,9/22/24 17:00,Under
,Jordan Akins,29,29.5,9/22/24 17:00,Under
,Jerry Jeudy,27,31.5,9/22/24 17:00,Under
,Jerry Jeudy,27,31.5,9/22/24 17:00,Under
,Jerome Ford,33,35.5,9/22/24 17:00,Under
,Jerome Ford,33,35.5,9/22/24 17:00,Under
,Elijah Moore,17,18.5,9/22/24 17:00,Under
,Elijah Moore,17,18.5,9/22/24 17:00,Under
,Amari Cooper,86,81.5,9/22/24 17:00,Over
,Calvin Ridley,9,9.5,9/22/24 17:00,Under
,Amari Cooper,86,81.5,9/22/24 17:00,Over
,DeAndre Hopkins,73,73.5,9/22/24 17:00,Under
,Jalen Nailor,31,31.5,9/22/24 17:00,Under
,DeAndre Hopkins,73,73.5,9/22/24 17:00,Under
,Devin Singletary,43,43.5,9/22/24 17:00,Under
,Chris Olave,86,52.5,9/22/24 17:00,Over
,Adonai Mitchell,0,0.5,9/22/24 17:00,Under
,Adonai Mitchell,0,0.5,9/22/24 17:00,Under
,Wan'Dale Robinson,61,47.5,9/22/24 17:00,Over
,Wan'Dale Robinson,61,47.5,9/22/24 17:00,Over
,Devin Singletary,43,43.5,9/22/24 17:00,Under
,Alec Pierce,44,44.5,9/22/24 17:00,Under
,Alec Pierce,44,44.5,9/22/24 17:00,Under
,Chris Olave,86,52.5,9/22/24 17:00,Over
,Aaron Jones,46,32.5,9/22/24 17:00,Over
,Jonathan Taylor,25,0.5,9/22/24 17:00,Over
,Aaron Jones,46,32.5,9/22/24 17:00,Over
,Michael Pittman Jr.,36,36.5,9/22/24 17:00,Under
,Jonathan Taylor,25,0.5,9/22/24 17:00,Over
,Dallas Goedert,170,88.5,9/22/24 17:00,Over
,Dallas Goedert,170,88.5,9/22/24 17:00,Over
,Michael Pittman Jr.,36,36.5,9/22/24 17:00,Under
,Pat Freiermuth,33,28.5,9/22/24 17:00,Over
,Josh Downs,22,25.5,9/22/24 17:00,Under
,Tyjae Spears,54,38.5,9/22/24 17:00,Over
,Tyjae Spears,54,38.5,9/22/24 17:00,Over
,Chig Okonkwo,15,8.5,9/22/24 17:00,Over
,Chig Okonkwo,15,8.5,9/22/24 17:00,Over
,Tyler Boyd,33,25.5,9/22/24 17:00,Over
,Tyler Boyd,33,25.5,9/22/24 17:00,Over
,Pat Freiermuth,33,28.5,9/22/24 17:00,Over
,Jalen McMillan,6,0.5,9/22/24 17:00,Over
,Jalen McMillan,6,0.5,9/22/24 17:00,Over
,Josh Downs,22,25.5,9/22/24 17:00,Under
,Britain Covey,11,25.5,9/22/24 17:00,Under
,Britain Covey,11,25.5,9/22/24 17:00,Under
,Malik Nabers,78,75.5,9/22/24 17:00,Over
,Malik Nabers,78,75.5,9/22/24 17:00,Over
,Josh Oliver,0,0.5,9/22/24 17:00,Under
,Ladd McConkey,44,45.5,9/22/24 17:00,Under
,J.K. Dobbins,10,7.5,9/22/24 17:00,Over
,Quentin Johnston,44,62.5,9/22/24 17:00,Under
,Tank Dell,62,37.5,9/22/24 17:00,Over
,Tank Dell,62,37.5,9/22/24 17:00,Over
,Stefon Diggs,94,86.5,9/22/24 17:00,Over
,Stefon Diggs,94,86.5,9/22/24 17:00,Over
,Nico Collins,86,59.5,9/22/24 17:00,Over
,Dalton Schultz,11,16.5,9/22/24 17:00,Under
,Dalton Schultz,11,16.5,9/22/24 17:00,Under
,Ty Chandler,0,0.5,9/22/24 17:00,Under
,Cam Akers,8,8.5,9/22/24 17:00,Under
,Cam Akers,8,8.5,9/22/24 17:00,Under
,Josh Oliver,0,0.5,9/22/24 17:00,Under
,Van Jefferson,0,10.5,9/22/24 17:00,Under
,Cade Otton,47,44.5,9/22/24 17:00,Over
,Van Jefferson,0,10.5,9/22/24 17:00,Under
,Cade Otton,47,44.5,9/22/24 17:00,Over
,Chris Godwin,53,61.5,9/22/24 17:00,Under
,George Pickens,57,44.5,9/22/24 17:00,Over
,George Pickens,57,44.5,9/22/24 17:00,Over
,Chris Godwin,53,61.5,9/22/24 17:00,Under
,Mike Evans,17,23.5,9/22/24 17:00,Under
,Mike Evans,17,23.5,9/22/24 17:00,Under
,Rachaad White,18,14.5,9/22/24 17:00,Over
,Quentin Johnston,44,62.5,9/22/24 17:00,Under
,Najee Harris,16,14.5,9/22/24 17:00,Over
,Ladd McConkey,44,45.5,9/22/24 17:00,Under
,Rachaad White,18,14.5,9/22/24 17:00,Over
,J.K. Dobbins,10,7.5,9/22/24 17:00,Over
,Chuba Hubbard,55,24.5,9/22/24 20:05,Over
,Jakobi Meyers,62,18.5,9/22/24 20:05,Over
,Jaxon Smith-Njigba,39,15.5,9/22/24 20:05,Over
,Davante Adams,40,46.5,9/22/24 20:05,Under
,Tyler Lockett,46,46.5,9/22/24 20:05,Under
,Tyler Lockett,46,46.5,9/22/24 20:05,Under
,Michael Mayer,7,7.5,9/22/24 20:05,Under
,Tommy Tremble,29,29.5,9/22/24 20:05,Under
,Diontae Johnson,122,122.5,9/22/24 20:05,Under
,Zach Charbonnet,16,12.5,9/22/24 20:05,Over
,Diontae Johnson,122,122.5,9/22/24 20:05,Under
,Jonnu Smith,18,18.5,9/22/24 20:05,Under
,Adam Thielen,40,50.5,9/22/24 20:05,Under
,Tre Tucker,96,75.5,9/22/24 20:05,Over
,Tre Tucker,96,75.5,9/22/24 20:05,Over
,Jaylen Waddle,26,31.5,9/22/24 20:05,Under
,Tyreek Hill,40,48.5,9/22/24 20:05,Under
,Tyreek Hill,40,48.5,9/22/24 20:05,Under
,De'Von Achane,28,32.5,9/22/24 20:05,Under
,De'Von Achane,28,32.5,9/22/24 20:05,Under
,Adam Thielen,40,50.5,9/22/24 20:05,Under
,Zach Charbonnet,16,12.5,9/22/24 20:05,Over
,Jaylen Waddle,26,31.5,9/22/24 20:05,Under
,Xavier Legette,42,35.5,9/22/24 20:05,Over
,Xavier Legette,42,35.5,9/22/24 20:05,Over
,Chuba Hubbard,55,24.5,9/22/24 20:05,Over
,DK Metcalf,104,95.5,9/22/24 20:05,Over
,Davante Adams,40,46.5,9/22/24 20:05,Under
,Noah Fant,60,27.5,9/22/24 20:05,Over
,Noah Fant,60,27.5,9/22/24 20:05,Over
,Jonathan Mingo,18,22.5,9/22/24 20:05,Under
,Zamir White,0,4.5,9/22/24 20:05,Under
,Zamir White,0,4.5,9/22/24 20:05,Under
,Brock Bowers,41,34.5,9/22/24 20:05,Over
,Brock Bowers,41,34.5,9/22/24 20:05,Over
,DK Metcalf,104,95.5,9/22/24 20:05,Over
,Jonnu Smith,18,18.5,9/22/24 20:05,Under
,Tommy Tremble,29,29.5,9/22/24 20:05,Under
,Jonathan Mingo,18,22.5,9/22/24 20:05,Under
,Michael Mayer,7,7.5,9/22/24 20:05,Under
,Miles Sanders,13,0.5,9/22/24 20:05,Over
,Jaxon Smith-Njigba,39,15.5,9/22/24 20:05,Over
,Miles Sanders,13,0.5,9/22/24 20:05,Over
,Jakobi Meyers,62,18.5,9/22/24 20:05,Over
,Isaiah Likely,4,7.5,9/22/24 20:25,Under
,Sam LaPorta,36,50.5,9/22/24 20:25,Under
,Sam LaPorta,36,50.5,9/22/24 20:25,Under
,David Montgomery,17,1.5,9/22/24 20:25,Over
,Derrick Henry,23,0.5,9/22/24 20:25,Over
,Colby Parkinson,21,21.5,9/22/24 20:25,Under
,Ezekiel Elliott,6,6.5,9/22/24 20:25,Under
,Justice Hill,21,21.5,9/22/24 20:25,Under
,Justice Hill,21,21.5,9/22/24 20:25,Under
,Ezekiel Elliott,6,6.5,9/22/24 20:25,Under
,Kyle Juszczyk,6,6.5,9/22/24 20:25,Under
,Kyle Juszczyk,6,6.5,9/22/24 20:25,Under
,Marvin Harrison Jr.,64,73.5,9/22/24 20:25,Under
,Marvin Harrison Jr.,64,73.5,9/22/24 20:25,Under
,Nelson Agholor,56,56.5,9/22/24 20:25,Under
,Tim Patrick,8,0.5,9/22/24 20:25,Over
,Tim Patrick,8,0.5,9/22/24 20:25,Over
,Nelson Agholor,56,56.5,9/22/24 20:25,Under
,Brandin Cooks,16,23.5,9/22/24 20:25,Under
,Colby Parkinson,21,21.5,9/22/24 20:25,Under
,James Conner,8,8.5,9/22/24 20:25,Under
,Rashod Bateman,28,16.5,9/22/24 20:25,Over
,Eric Saubert,41,24.5,9/22/24 20:25,Over
,Derrick Henry,23,0.5,9/22/24 20:25,Over
,Brandin Cooks,16,23.5,9/22/24 20:25,Under
,Jameson Williams,9,9.5,9/22/24 20:25,Under
,Jauan Jennings,175,148.5,9/22/24 20:25,Over
,Jauan Jennings,175,148.5,9/22/24 20:25,Over
,Jalen Tolbert,42,4.5,9/22/24 20:25,Over
,Brandon Aiyuk,48,34.5,9/22/24 20:25,Over
,Brandon Aiyuk,48,34.5,9/22/24 20:25,Over
,Rico Dowdle,24,4.5,9/22/24 20:25,Over
,Greg Dortch,35,22.5,9/22/24 20:25,Over
,Jalen Tolbert,42,4.5,9/22/24 20:25,Over
,Rico Dowdle,24,4.5,9/22/24 20:25,Over
,James Conner,8,8.5,9/22/24 20:25,Under
,Tutu Atwell,93,39.5,9/22/24 20:25,Over
,Zay Flowers,20,11.5,9/22/24 20:25,Over
,Zay Flowers,20,11.5,9/22/24 20:25,Over
,CeeDee Lamb,67,86.5,9/22/24 20:25,Under
,David Montgomery,17,1.5,9/22/24 20:25,Over
,Demarcus Robinson,32,32.5,9/22/24 20:25,Under
,Demarcus Robinson,32,32.5,9/22/24 20:25,Under
,Kyren Williams,27,27.5,9/22/24 20:25,Under
,Kyren Williams,27,27.5,9/22/24 20:25,Under
,Tyler Johnson,20,20.5,9/22/24 20:25,Under
,Tyler Johnson,20,20.5,9/22/24 20:25,Under
,Jake Ferguson,95,83.5,9/22/24 20:25,Over
,Jordan Mason,11,7.5,9/22/24 20:25,Over
,Trey McBride,25,24.5,9/22/24 20:25,Over
,Jordan Mason,11,7.5,9/22/24 20:25,Over
,Tutu Atwell,93,39.5,9/22/24 20:25,Over
,Jameson Williams,9,9.5,9/22/24 20:25,Under
,Jake Ferguson,95,83.5,9/22/24 20:25,Over
,Jahmyr Gibbs,20,20.5,9/22/24 20:25,Under
,Jahmyr Gibbs,20,20.5,9/22/24 20:25,Under
,Michael Wilson,64,36.5,9/22/24 20:25,Over
,Michael Wilson,64,36.5,9/22/24 20:25,Over
,Mark Andrews,0,6.5,9/22/24 20:25,Under
,Mark Andrews,0,6.5,9/22/24 20:25,Under
,Amon-Ra St. Brown,75,61.5,9/22/24 20:25,Over
,Greg Dortch,35,22.5,9/22/24 20:25,Over
,Rashod Bateman,28,16.5,9/22/24 20:25,Over
,Amon-Ra St. Brown,75,61.5,9/22/24 20:25,Over
,Isaiah Likely,4,7.5,9/22/24 20:25,Under
,CeeDee Lamb,67,86.5,9/22/24 20:25,Under
,Kalif Raymond,0,0.5,9/22/24 20:25,Under
,Kalif Raymond,0,0.5,9/22/24 20:25,Under
,Jordan Whittington,28,28.5,9/22/24 20:25,Under
,Jordan Whittington,28,28.5,9/22/24 20:25,Under
,Justin Watson,13,13.5,9/23/24 0:20,Under
,Drake London,67,44.5,9/23/24 0:20,Over
,Bijan Robinson,21,24.5,9/23/24 0:20,Under
,Samaje Perine,15,18.5,9/23/24 0:20,Under
,Noah Gray,13,13.5,9/23/24 0:20,Under
,Noah Gray,13,13.5,9/23/24 0:20,Under
,Samaje Perine,15,18.5,9/23/24 0:20,Under
,Drake London,67,44.5,9/23/24 0:20,Over
,Kyle Pitts,59,57.5,9/23/24 0:20,Over
,Ray-Ray McCloud III,17,22.5,9/23/24 0:20,Under
,Ray-Ray McCloud III,17,22.5,9/23/24 0:20,Under
,Kyle Pitts,59,57.5,9/23/24 0:20,Over
,Carson Steele,2,2.5,9/23/24 0:20,Under
,Travis Kelce,30,30.5,9/23/24 0:20,Under
,Travis Kelce,30,30.5,9/23/24 0:20,Under
,Xavier Worthy,17,17.5,9/23/24 0:20,Under
,Xavier Worthy,17,17.5,9/23/24 0:20,Under
,Darnell Mooney,66,77.5,9/23/24 0:20,Under
,Justin Watson,13,13.5,9/23/24 0:20,Under
,Darnell Mooney,66,77.5,9/23/24 0:20,Under
,Rashee Rice,110,116.5,9/23/24 0:20,Under
,Rashee Rice,110,116.5,9/23/24 0:20,Under
,Keon Coleman,24,30.5,9/23/24 23:30,Under
,James Cook,48,35.5,9/23/24 23:30,Over
,Mack Hollins,16,13.5,9/23/24 23:30,Over
,Brenton Strange,12,25.5,9/23/24 23:30,Under
,Curtis Samuel,22,33.5,9/23/24 23:30,Under
,Brenton Strange,12,25.5,9/23/24 23:30,Under
,Christian Kirk,79,44.5,9/23/24 23:30,Over
,James Cook,48,35.5,9/23/24 23:30,Over
,Khalil Shakir,72,58.5,9/23/24 23:30,Over
,Dalton Kincaid,41,24.5,9/23/24 23:30,Over
,Gabe Davis,18,37.5,9/23/24 23:30,Under
,Dawson Knox,7,6.5,9/23/24 23:30,Over
,Dalton Kincaid,41,24.5,9/23/24 23:30,Over
,Mack Hollins,16,13.5,9/23/24 23:30,Over
,Dawson Knox,7,6.5,9/23/24 23:30,Over
,Gabe Davis,18,37.5,9/23/24 23:30,Under
,Travis Etienne Jr.,17,21.5,9/23/24 23:30,Under
,Travis Etienne Jr.,17,21.5,9/23/24 23:30,Under
,Brian Thomas Jr.,48,41.5,9/23/24 23:30,Over
,Brian Thomas Jr.,48,41.5,9/23/24 23:30,Over
,Keon Coleman,24,30.5,9/23/24 23:30,Under
,Khalil Shakir,72,58.5,9/23/24 23:30,Over
,Curtis Samuel,22,33.5,9/23/24 23:30,Under
,Christian Kirk,79,44.5,9/23/24 23:30,Over
,Noah Brown,29,29.5,9/24/24 0:15,Under
,Chase Brown,7,9.5,9/24/24 0:15,Under
,Zack Moss,39,26.5,9/24/24 0:15,Over
,Zack Moss,39,26.5,9/24/24 0:15,Over
,Mike Gesicki,47,35.5,9/24/24 0:15,Over
,Mike Gesicki,47,35.5,9/24/24 0:15,Over
,Ja'Marr Chase,118,133.5,9/24/24 0:15,Under
,Ja'Marr Chase,118,133.5,9/24/24 0:15,Under
,Zach Ertz,38,31.5,9/24/24 0:15,Over
,Zach Ertz,38,31.5,9/24/24 0:15,Over
,Andrei Iosivas,52,26.5,9/24/24 0:15,Over
,Andrei Iosivas,52,26.5,9/24/24 0:15,Over
,Erick All Jr.,22,22.5,9/24/24 0:15,Under
,Erick All Jr.,22,22.5,9/24/24 0:15,Under
,Terry McLaurin,100,69.5,9/24/24 0:15,Over
,Noah Brown,29,29.5,9/24/24 0:15,Under
,Luke McCaffrey,44,41.5,9/24/24 0:15,Over
,Luke McCaffrey,44,41.5,9/24/24 0:15,Over
,Austin Ekeler,22,28.5,9/24/24 0:15,Under
,Austin Ekeler,22,28.5,9/24/24 0:15,Under
,Chase Brown,7,9.5,9/24/24 0:15,Under
,Brian Robinson Jr.,4,4.5,9/24/24 0:15,Under
,Dyami Brown,16,16.5,9/24/24 0:15,Under
,Dyami Brown,16,16.5,9/24/24 0:15,Under
,Brian Robinson Jr.,4,4.5,9/24/24 0:15,Under
,Terry McLaurin,100,69.5,9/24/24 0:15,Over
,Tee Higgins,39,46.5,9/24/24 0:15,Under
,Jake Ferguson,49,37.5,9/27/24 0:15,Over
,Theo Johnson,6,0.5,9/27/24 0:15,Over
,Darius Slayton,56,56.5,9/27/24 0:15,Under
,Malik Nabers,115,123.5,9/27/24 0:15,Under
,Rico Dowdle,15,15.5,9/27/24 0:15,Under
,Ezekiel Elliott,5,0.5,9/27/24 0:15,Over
,Theo Johnson,6,0.5,9/27/24 0:15,Over
,Rico Dowdle,15,15.5,9/27/24 0:15,Under
,Jalen Tolbert,24,9.5,9/27/24 0:15,Over
,Jalen Tolbert,24,9.5,9/27/24 0:15,Over
,Tyrone Tracy Jr.,19,19.5,9/27/24 0:15,Under
,Tyrone Tracy Jr.,19,19.5,9/27/24 0:15,Under
,CeeDee Lamb,98,98.5,9/27/24 0:15,Under
,Devin Singletary,14,14.5,9/27/24 0:15,Under
,Wan'Dale Robinson,71,75.5,9/27/24 0:15,Under
,Wan'Dale Robinson,71,75.5,9/27/24 0:15,Under
,Devin Singletary,14,14.5,9/27/24 0:15,Under
,Malik Nabers,115,123.5,9/27/24 0:15,Under
,Brandin Cooks,16,16.5,9/27/24 0:15,Under
,Darius Slayton,56,56.5,9/27/24 0:15,Under
,Jalen Brooks,0,0.5,9/27/24 0:15,Under
,Jalen Brooks,0,0.5,9/27/24 0:15,Under
,Ezekiel Elliott,5,0.5,9/27/24 0:15,Over
,Jake Ferguson,49,37.5,9/27/24 0:15,Over
,CeeDee Lamb,98,98.5,9/27/24 0:15,Under
,KaVontae Turpin,0,0.5,9/27/24 0:15,Under
,KaVontae Turpin,0,0.5,9/27/24 0:15,Under
,Pat Freiermuth,57,52.5,9/29/24 17:00,Over
,Najee Harris,54,43.5,9/29/24 17:00,Over
,Najee Harris,54,43.5,9/29/24 17:00,Over
,George Pickens,113,84.5,9/29/24 17:00,Over
,George Pickens,113,84.5,9/29/24 17:00,Over
,Tommy Tremble,0,0.5,9/29/24 17:00,Under
,Allen Lazard,58,50.5,9/29/24 17:00,Over
,DJ Moore,22,23.5,9/29/24 17:00,Under
,Dontayvion Wicks,78,20.5,9/29/24 17:00,Over
,Johnny Mundt,15,15.5,9/29/24 17:00,Under
,Johnny Mundt,15,15.5,9/29/24 17:00,Under
,Demarcus Robinson,37,38.5,9/29/24 17:00,Under
,Josh Downs,82,59.5,9/29/24 17:00,Over
,Calvin Austin III,17,17.5,9/29/24 17:00,Under
,Calvin Austin III,17,17.5,9/29/24 17:00,Under
,Jonathan Mingo,24,24.5,9/29/24 17:00,Under
,Xavier Legette,66,49.5,9/29/24 17:00,Over
,Aaron Jones,46,24.5,9/29/24 17:00,Over
,Jayden Reed,139,84.5,9/29/24 17:00,Over
,Jayden Reed,139,84.5,9/29/24 17:00,Over
,Aaron Jones,46,24.5,9/29/24 17:00,Over
,Chuba Hubbard,17,10.5,9/29/24 17:00,Over
,Chuba Hubbard,17,10.5,9/29/24 17:00,Over
,Tucker Kraft,53,48.5,9/29/24 17:00,Over
,Tucker Kraft,53,48.5,9/29/24 17:00,Over
,Romeo Doubs,39,35.5,9/29/24 17:00,Over
,Romeo Doubs,39,35.5,9/29/24 17:00,Over
,Andrei Iosivas,29,29.5,9/29/24 17:00,Under
,Andrei Iosivas,29,29.5,9/29/24 17:00,Under
,Garrett Wilson,41,37.5,9/29/24 17:00,Over
,Garrett Wilson,41,37.5,9/29/24 17:00,Over
,Breece Hall,14,7.5,9/29/24 17:00,Over
,Breece Hall,14,7.5,9/29/24 17:00,Over
,Pat Freiermuth,57,52.5,9/29/24 17:00,Over
,Dalton Schultz,34,23.5,9/29/24 17:00,Over
,Dalton Schultz,34,23.5,9/29/24 17:00,Over
,Tommy Tremble,0,0.5,9/29/24 17:00,Under
,Tutu Atwell,82,87.5,9/29/24 17:00,Under
,Tutu Atwell,82,87.5,9/29/24 17:00,Under
,Colby Parkinson,33,35.5,9/29/24 17:00,Under
,Colby Parkinson,33,35.5,9/29/24 17:00,Under
,Tyler Conklin,17,4.5,9/29/24 17:00,Over
,Mike Williams,67,63.5,9/29/24 17:00,Over
,Tyler Conklin,17,4.5,9/29/24 17:00,Over
,Mike Williams,67,63.5,9/29/24 17:00,Over
,Courtland Sutton,60,64.5,9/29/24 17:00,Under
,Courtland Sutton,60,64.5,9/29/24 17:00,Under
,Allen Lazard,58,50.5,9/29/24 17:00,Over
,Tee Higgins,60,60.5,9/29/24 17:00,Under
,Tee Higgins,60,60.5,9/29/24 17:00,Under
,Christian Kirk,61,62.5,9/29/24 17:00,Under
,Christian Kirk,61,62.5,9/29/24 17:00,Under
,Brian Thomas Jr.,86,76.5,9/29/24 17:00,Over
,Brian Thomas Jr.,86,76.5,9/29/24 17:00,Over
,Cade Otton,52,30.5,9/29/24 17:00,Over
,Cade Otton,52,30.5,9/29/24 17:00,Over
,Mo Alie-Cox,0,0.5,9/29/24 17:00,Under
,Mo Alie-Cox,0,0.5,9/29/24 17:00,Under
,Emanuel Wilson,0,3.5,9/29/24 17:00,Under
,Emanuel Wilson,0,3.5,9/29/24 17:00,Under
,Christian Watson,0,29.5,9/29/24 17:00,Under
,Christian Watson,0,29.5,9/29/24 17:00,Under
,Saquon Barkley,32,35.5,9/29/24 17:00,Under
,Saquon Barkley,32,35.5,9/29/24 17:00,Under
,Parris Campbell,17,18.5,9/29/24 17:00,Under
,Parris Campbell,17,18.5,9/29/24 17:00,Under
,Mike Evans,94,88.5,9/29/24 17:00,Over
,Mike Evans,94,88.5,9/29/24 17:00,Over
,Jahan Dotson,11,9.5,9/29/24 17:00,Over
,Jahan Dotson,11,9.5,9/29/24 17:00,Over
,Chris Godwin,69,69.5,9/29/24 17:00,Under
,Trey Palmer,26,34.5,9/29/24 17:00,Under
,Trey Palmer,26,34.5,9/29/24 17:00,Under
,Keenan Allen,19,19.5,9/29/24 17:00,Under
,Keenan Allen,19,19.5,9/29/24 17:00,Under
,Kyren Williams,10,5.5,9/29/24 17:00,Over
,Mike Gesicki,-9,-8.5,9/29/24 17:00,Under
,Mike Gesicki,-9,-8.5,9/29/24 17:00,Under
,Robert Woods,10,10.5,9/29/24 17:00,Under
,Robert Woods,10,10.5,9/29/24 17:00,Under
,Gabe Davis,-2,5.5,9/29/24 17:00,Under
,Kylen Granson,0,0.5,9/29/24 17:00,Under
,Kylen Granson,0,0.5,9/29/24 17:00,Under
,Gabe Davis,-2,5.5,9/29/24 17:00,Under
,Brenton Strange,19,19.5,9/29/24 17:00,Under
,Brenton Strange,19,19.5,9/29/24 17:00,Under
,Alvin Kamara,42,48.5,9/29/24 17:00,Under
,Rashid Shaheed,83,64.5,9/29/24 17:00,Over
,Josh Jacobs,27,10.5,9/29/24 17:00,Over
,Josh Jacobs,27,10.5,9/29/24 17:00,Over
,Jordan Whittington,62,72.5,9/29/24 17:00,Under
,Jordan Whittington,62,72.5,9/29/24 17:00,Under
,Ja'Marr Chase,85,89.5,9/29/24 17:00,Under
,Drake London,64,65.5,9/29/24 17:00,Under
,Drake London,64,65.5,9/29/24 17:00,Under
,Johnny Wilson,0,5.5,9/29/24 17:00,Under
,Johnny Wilson,0,5.5,9/29/24 17:00,Under
,Alec Pierce,9,9.5,9/29/24 17:00,Under
,Alec Pierce,9,9.5,9/29/24 17:00,Under
,Rashid Shaheed,83,64.5,9/29/24 17:00,Over
,Rachaad White,35,22.5,9/29/24 17:00,Over
,Chase Brown,12,0.5,9/29/24 17:00,Over
,Chase Brown,12,0.5,9/29/24 17:00,Over
,Ty Chandler,8,8.5,9/29/24 17:00,Under
,Ty Chandler,8,8.5,9/29/24 17:00,Under
,Nico Collins,151,133.5,9/29/24 17:00,Over
,Nico Collins,151,133.5,9/29/24 17:00,Over
,Dallas Goedert,62,81.5,9/29/24 17:00,Under
,Dallas Goedert,62,81.5,9/29/24 17:00,Under
,Bucky Irving,6,6.5,9/29/24 17:00,Under
,Bucky Irving,6,6.5,9/29/24 17:00,Under
,Jalen Nailor,31,31.5,9/29/24 17:00,Under
,Jalen Nailor,31,31.5,9/29/24 17:00,Under
,Travis Etienne Jr.,10,10.5,9/29/24 17:00,Under
,Travis Etienne Jr.,10,10.5,9/29/24 17:00,Under
,Stefon Diggs,69,78.5,9/29/24 17:00,Under
,Stefon Diggs,69,78.5,9/29/24 17:00,Under
,Jonathan Taylor,20,20.5,9/29/24 17:00,Under
,Jonathan Taylor,20,20.5,9/29/24 17:00,Under
,Michael Pittman Jr.,113,119.5,9/29/24 17:00,Under
,Michael Pittman Jr.,113,119.5,9/29/24 17:00,Under
,Chris Olave,87,60.5,9/29/24 17:00,Over
,Chris Olave,87,60.5,9/29/24 17:00,Over
,Diontae Johnson,83,90.5,9/29/24 17:00,Under
,Diontae Johnson,83,90.5,9/29/24 17:00,Under
,Foster Moreau,0,0.5,9/29/24 17:00,Under
,Foster Moreau,0,0.5,9/29/24 17:00,Under
,Erick All Jr.,28,17.5,9/29/24 17:00,Over
,Erick All Jr.,28,17.5,9/29/24 17:00,Over
,Justin Jefferson,85,37.5,9/29/24 17:00,Over
,Justin Jefferson,85,37.5,9/29/24 17:00,Over
,Ray-Ray McCloud III,52,37.5,9/29/24 17:00,Over
,Ray-Ray McCloud III,52,37.5,9/29/24 17:00,Over
,Kyle Pitts,0,6.5,9/29/24 17:00,Under
,Kyle Pitts,0,6.5,9/29/24 17:00,Under
,Darnell Mooney,56,64.5,9/29/24 17:00,Under
,Jordan Addison,72,54.5,9/29/24 17:00,Over
,Jordan Addison,72,54.5,9/29/24 17:00,Over
,Dontayvion Wicks,78,20.5,9/29/24 17:00,Over
,DJ Moore,22,23.5,9/29/24 17:00,Under
,Roschon Johnson,0,0.5,9/29/24 17:00,Under
,Roschon Johnson,0,0.5,9/29/24 17:00,Under
,Bijan Robinson,46,52.5,9/29/24 17:00,Under
,Bijan Robinson,46,52.5,9/29/24 17:00,Under
,Darnell Mooney,56,64.5,9/29/24 17:00,Under
,Tyler Johnson,0,0.5,9/29/24 17:00,Under
,Tyler Johnson,0,0.5,9/29/24 17:00,Under
,Kyren Williams,10,5.5,9/29/24 17:00,Over
,Rome Odunze,10,10.5,9/29/24 17:00,Under
,D'Andre Swift,72,64.5,9/29/24 17:00,Over
,D'Andre Swift,72,64.5,9/29/24 17:00,Over
,Cole Kmet,34,14.5,9/29/24 17:00,Over
,Cole Kmet,34,14.5,9/29/24 17:00,Over
,Josh Reynolds,0,0.5,9/29/24 17:00,Under
,Lil'Jordan Humphrey,0,0.5,9/29/24 17:00,Under
,Lil'Jordan Humphrey,0,0.5,9/29/24 17:00,Under
,Josh Reynolds,0,0.5,9/29/24 17:00,Under
,Javonte Williams,3,-0.5,9/29/24 17:00,Over
,Javonte Williams,3,-0.5,9/29/24 17:00,Over
,Greg Dulcich,0,0.5,9/29/24 17:00,Under
,Greg Dulcich,0,0.5,9/29/24 17:00,Under
,Jaleel McLaughlin,0,0.5,9/29/24 17:00,Under
,Braelon Allen,12,12.5,9/29/24 17:00,Under
,Rachaad White,35,22.5,9/29/24 17:00,Over
,Xavier Legette,66,49.5,9/29/24 17:00,Over
,Zack Moss,27,8.5,9/29/24 17:00,Over
,Zack Moss,27,8.5,9/29/24 17:00,Over
,Braelon Allen,12,12.5,9/29/24 17:00,Under
,Jaleel McLaughlin,0,0.5,9/29/24 17:00,Under
,Alvin Kamara,42,48.5,9/29/24 17:00,Under
,Rome Odunze,10,10.5,9/29/24 17:00,Under
,Demarcus Robinson,37,38.5,9/29/24 17:00,Under
,Luke Musgrave,13,13.5,9/29/24 17:00,Under
,Luke Musgrave,13,13.5,9/29/24 17:00,Under
,Marvin Harrison Jr.,45,60.5,9/29/24 20:05,Under
,Elijah Higgins,12,6.5,9/29/24 20:05,Over
,Dyami Brown,4,0.5,9/29/24 20:05,Over
,Dyami Brown,4,0.5,9/29/24 20:05,Over
,Elijah Higgins,12,6.5,9/29/24 20:05,Over
,Rhamondre Stevenson,19,11.5,9/29/24 20:05,Over
,DeMario Douglas,13,11.5,9/29/24 20:05,Over
,DeMario Douglas,13,11.5,9/29/24 20:05,Over
,James Conner,9,11.5,9/29/24 20:05,Under
,Hunter Henry,12,12.5,9/29/24 20:05,Under
,Hunter Henry,12,12.5,9/29/24 20:05,Under
,James Conner,9,11.5,9/29/24 20:05,Under
,Zach Ertz,22,22.5,9/29/24 20:05,Under
,Zach Ertz,22,22.5,9/29/24 20:05,Under
,Greg Dortch,38,48.5,9/29/24 20:05,Under
,Greg Dortch,38,48.5,9/29/24 20:05,Under
,Noah Brown,26,26.5,9/29/24 20:05,Under
,Noah Brown,26,26.5,9/29/24 20:05,Under
,K.J. Osborn,3,3.5,9/29/24 20:05,Under
,Terry McLaurin,52,30.5,9/29/24 20:05,Over
,Terry McLaurin,52,30.5,9/29/24 20:05,Over
,Ja'Lynn Polk,30,30.5,9/29/24 20:05,Under
,Antonio Gibson,67,17.5,9/29/24 20:05,Over
,Ja'Lynn Polk,30,30.5,9/29/24 20:05,Under
,Brandon Aiyuk,48,48.5,9/29/24 20:05,Under
,Rhamondre Stevenson,19,11.5,9/29/24 20:05,Over
,Deebo Samuel Sr.,58,58.5,9/29/24 20:05,Under
,George Kittle,45,52.5,9/29/24 20:05,Under
,Luke McCaffrey,17,0.5,9/29/24 20:05,Over
,Luke McCaffrey,17,0.5,9/29/24 20:05,Over
,Brian Robinson Jr.,12,0.5,9/29/24 20:05,Over
,Brian Robinson Jr.,12,0.5,9/29/24 20:05,Over
,Jordan Mason,37,24.5,9/29/24 20:05,Over
,Jordan Mason,37,24.5,9/29/24 20:05,Over
,K.J. Osborn,3,3.5,9/29/24 20:05,Under
,Jauan Jennings,88,32.5,9/29/24 20:05,Over
,Jauan Jennings,88,32.5,9/29/24 20:05,Over
,Michael Wilson,38,19.5,9/29/24 20:05,Over
,Michael Wilson,38,19.5,9/29/24 20:05,Over
,George Kittle,45,52.5,9/29/24 20:05,Under
,Marvin Harrison Jr.,45,60.5,9/29/24 20:05,Under
,Brandon Aiyuk,48,48.5,9/29/24 20:05,Under
,Deebo Samuel Sr.,58,58.5,9/29/24 20:05,Under
,Antonio Gibson,67,17.5,9/29/24 20:05,Over
,Noah Gray,40,11.5,9/29/24 20:25,Over
,Hayden Hurst,6,6.5,9/29/24 20:25,Under
,Rashee Rice,0,70.5,9/29/24 20:25,Under
,Jordan Akins,10,10.5,9/29/24 20:25,Under
,Travis Kelce,89,101.5,9/29/24 20:25,Under
,Brock Bowers,19,19.5,9/29/24 20:25,Under
,Brock Bowers,19,19.5,9/29/24 20:25,Under
,Travis Kelce,89,101.5,9/29/24 20:25,Under
,Jordan Akins,10,10.5,9/29/24 20:25,Under
,Jakobi Meyers,49,49.5,9/29/24 20:25,Under
,Xavier Worthy,73,63.5,9/29/24 20:25,Over
,Xavier Worthy,73,63.5,9/29/24 20:25,Over
,Elijah Moore,11,13.5,9/29/24 20:25,Under
,Elijah Moore,11,13.5,9/29/24 20:25,Under
,Jerome Ford,27,23.5,9/29/24 20:25,Over
,Jerome Ford,27,23.5,9/29/24 20:25,Over
,Justin Watson,27,30.5,9/29/24 20:25,Under
,Tre Tucker,41,46.5,9/29/24 20:25,Under
,Tre Tucker,41,46.5,9/29/24 20:25,Under
,Joshua Palmer,36,22.5,9/29/24 20:25,Over
,Joshua Palmer,36,22.5,9/29/24 20:25,Over
,Ladd McConkey,67,73.5,9/29/24 20:25,Under
,Quentin Johnston,9,12.5,9/29/24 20:25,Under
,Quentin Johnston,9,12.5,9/29/24 20:25,Under
,Amari Cooper,35,28.5,9/29/24 20:25,Over
,Amari Cooper,35,28.5,9/29/24 20:25,Over
,Ladd McConkey,67,73.5,9/29/24 20:25,Under
,Rashee Rice,0,70.5,9/29/24 20:25,Under
,Noah Gray,40,11.5,9/29/24 20:25,Over
,Will Dissly,24,24.5,9/29/24 20:25,Under
,Justin Watson,27,30.5,9/29/24 20:25,Under
,Jerry Jeudy,72,64.5,9/29/24 20:25,Over
,Hayden Hurst,6,6.5,9/29/24 20:25,Under
,Jerry Jeudy,72,64.5,9/29/24 20:25,Over
,Mack Hollins,5,5.5,9/30/24 0:20,Under
,James Cook,9,16.5,9/30/24 0:20,Under
,Dalton Kincaid,47,58.5,9/30/24 0:20,Under
,Dalton Kincaid,47,58.5,9/30/24 0:20,Under
,Keon Coleman,51,59.5,9/30/24 0:20,Under
,Isaiah Likely,26,26.5,9/30/24 0:20,Under
,Derrick Henry,10,9.5,9/30/24 0:20,Over
,Mack Hollins,5,5.5,9/30/24 0:20,Under
,Nelson Agholor,10,10.5,9/30/24 0:20,Under
,Mark Andrews,0,0.5,9/30/24 0:20,Under
,Rashod Bateman,23,23.5,9/30/24 0:20,Under
,James Cook,9,16.5,9/30/24 0:20,Under
,Keon Coleman,51,59.5,9/30/24 0:20,Under
,Rashod Bateman,23,23.5,9/30/24 0:20,Under
,Isaiah Likely,26,26.5,9/30/24 0:20,Under
,Nelson Agholor,10,10.5,9/30/24 0:20,Under
,Zay Flowers,10,10.5,9/30/24 0:20,Under
,Zay Flowers,10,10.5,9/30/24 0:20,Under
,Derrick Henry,10,9.5,9/30/24 0:20,Over
,Dawson Knox,0,0.5,9/30/24 0:20,Under
,Mark Andrews,0,0.5,9/30/24 0:20,Under
,Justice Hill,78,61.5,9/30/24 0:20,Over
,Dawson Knox,0,0.5,9/30/24 0:20,Under
,Khalil Shakir,62,72.5,9/30/24 0:20,Under
,Justice Hill,78,61.5,9/30/24 0:20,Over
,Curtis Samuel,8,7.5,9/30/24 0:20,Over
,Curtis Samuel,8,7.5,9/30/24 0:20,Over
,Khalil Shakir,62,72.5,9/30/24 0:20,Under
,Jonnu Smith,0,12.5,9/30/24 23:30,Under
,Tyjae Spears,0,10.5,9/30/24 23:30,Under
,Calvin Ridley,5,32.5,9/30/24 23:30,Under
,Tyler Boyd,31,21.5,9/30/24 23:30,Over
,De'Von Achane,14,23.5,9/30/24 23:30,Under
,Jonnu Smith,0,12.5,9/30/24 23:30,Under
,Tyreek Hill,23,51.5,9/30/24 23:30,Under
,Jaylen Waddle,36,46.5,9/30/24 23:30,Under
,Tyler Boyd,31,21.5,9/30/24 23:30,Over
,Tyjae Spears,0,10.5,9/30/24 23:30,Under
,Jaylen Waddle,36,46.5,9/30/24 23:30,Under
,Tyreek Hill,23,51.5,9/30/24 23:30,Under
,Tony Pollard,20,11.5,9/30/24 23:30,Over
,De'Von Achane,14,23.5,9/30/24 23:30,Under
,Chig Okonkwo,5,18.5,9/30/24 23:30,Under
,Tony Pollard,20,11.5,9/30/24 23:30,Over
,Josh Whyle,5,8.5,9/30/24 23:30,Under
,Josh Whyle,5,8.5,9/30/24 23:30,Under
,DeAndre Hopkins,31,45.5,9/30/24 23:30,Under
,DeAndre Hopkins,31,45.5,9/30/24 23:30,Under
,Calvin Ridley,5,32.5,9/30/24 23:30,Under
,Chig Okonkwo,5,18.5,9/30/24 23:30,Under
,Tim Patrick,52,0.5,10/1/24 0:15,Over
,Sam LaPorta,53,23.5,10/1/24 0:15,Over
,David Montgomery,40,0.5,10/1/24 0:15,Over
,Zach Charbonnet,39,41.5,10/1/24 0:15,Under
,Zach Charbonnet,39,41.5,10/1/24 0:15,Under
,Tyler Lockett,61,53.5,10/1/24 0:15,Over
,Jameson Williams,80,80.5,10/1/24 0:15,Under
,Tyler Lockett,61,53.5,10/1/24 0:15,Over
,Jaxon Smith-Njigba,51,54.5,10/1/24 0:15,Under
,Jaxon Smith-Njigba,51,54.5,10/1/24 0:15,Under
,DK Metcalf,104,91.5,10/1/24 0:15,Over
,Jahmyr Gibbs,0,0.5,10/1/24 0:15,Under
,Jahmyr Gibbs,0,0.5,10/1/24 0:15,Under
,DK Metcalf,104,91.5,10/1/24 0:15,Over
,Kenneth Walker III,36,23.5,10/1/24 0:15,Over
,Amon-Ra St. Brown,45,44.5,10/1/24 0:15,Over
,Amon-Ra St. Brown,45,44.5,10/1/24 0:15,Over
,David Montgomery,40,0.5,10/1/24 0:15,Over
,Kenneth Walker III,36,23.5,10/1/24 0:15,Over
,Jameson Williams,80,80.5,10/1/24 0:15,Under
,Noah Fant,26,16.5,10/1/24 0:15,Over
,Noah Fant,26,16.5,10/1/24 0:15,Over
,Sam LaPorta,53,23.5,10/1/24 0:15,Over
,Tim Patrick,52,0.5,10/1/24 0:15,Over
,Ray-Ray McCloud III,66,59.5,10/4/24 0:15,Over
,Sterling Shepard,4,8.5,10/4/24 0:15,Under
,Sterling Shepard,4,8.5,10/4/24 0:15,Under
,Kyle Pitts,88,78.5,10/4/24 0:15,Over
,Kyle Pitts,88,78.5,10/4/24 0:15,Over
,Bucky Irving,12,7.5,10/4/24 0:15,Over
,Bucky Irving,12,7.5,10/4/24 0:15,Over
,Rachaad White,-6,0.5,10/4/24 0:15,Under
,Rachaad White,-6,0.5,10/4/24 0:15,Under
,Drake London,154,108.5,10/4/24 0:15,Over
,Drake London,154,108.5,10/4/24 0:15,Over
,Bijan Robinson,16,15.5,10/4/24 0:15,Over
,Bijan Robinson,16,15.5,10/4/24 0:15,Over
,Cade Otton,44,44.5,10/4/24 0:15,Under
,Cade Otton,44,44.5,10/4/24 0:15,Under
,Chris Godwin,64,71.5,10/4/24 0:15,Under
,Chris Godwin,64,71.5,10/4/24 0:15,Under
,Darnell Mooney,105,97.5,10/4/24 0:15,Over
,Darnell Mooney,105,97.5,10/4/24 0:15,Over
,Mike Evans,62,69.5,10/4/24 0:15,Under
,Johnny Mundt,31,11.5,10/6/24 13:30,Over
,Mike Williams,25,7.5,10/6/24 13:30,Over
,Braelon Allen,15,15.5,10/6/24 13:30,Under
,Braelon Allen,15,15.5,10/6/24 13:30,Under
,Mike Williams,25,7.5,10/6/24 13:30,Over
,Allen Lazard,34,21.5,10/6/24 13:30,Over
,Allen Lazard,34,21.5,10/6/24 13:30,Over
,Jordan Addison,36,36.5,10/6/24 13:30,Under
,Aaron Jones,24,37.5,10/6/24 13:30,Under
,Josh Oliver,0,0.5,10/6/24 13:30,Under
,Josh Oliver,0,0.5,10/6/24 13:30,Under
,Brandon Powell,0,0.5,10/6/24 13:30,Under
,Brandon Powell,0,0.5,10/6/24 13:30,Under
,Tyler Conklin,55,22.5,10/6/24 13:30,Over
,Justin Jefferson,92,86.5,10/6/24 13:30,Over
,Justin Jefferson,92,86.5,10/6/24 13:30,Over
,Breece Hall,14,14.5,10/6/24 13:30,Under
,Breece Hall,14,14.5,10/6/24 13:30,Under
,Garrett Wilson,101,79.5,10/6/24 13:30,Over
,Jordan Addison,36,36.5,10/6/24 13:30,Under
,Jalen Nailor,0,0.5,10/6/24 13:30,Under
,Jalen Nailor,0,0.5,10/6/24 13:30,Under
,Aaron Jones,24,37.5,10/6/24 13:30,Under
,Johnny Mundt,31,11.5,10/6/24 13:30,Over
,Cam Akers,5,6.5,10/6/24 17:00,Under
,Tank Dell,38,43.5,10/6/24 17:00,Under
,Kendrick Bourne,6,19.5,10/6/24 17:00,Under
,Nico Collins,78,132.5,10/6/24 17:00,Under
,Nico Collins,78,132.5,10/6/24 17:00,Under
,Mo Alie-Cox,37,6.5,10/6/24 17:00,Over
,Nelson Agholor,4,7.5,10/6/24 17:00,Under
,Nelson Agholor,4,7.5,10/6/24 17:00,Under
,Jaylen Waddle,46,52.5,10/6/24 17:00,Under
,Jaylen Waddle,46,52.5,10/6/24 17:00,Under
,Tommy Tremble,7,10.5,10/6/24 17:00,Under
,Tommy Tremble,7,10.5,10/6/24 17:00,Under
,Mo Alie-Cox,37,6.5,10/6/24 17:00,Over
,Cam Akers,5,6.5,10/6/24 17:00,Under
,Dalton Kincaid,34,41.5,10/6/24 17:00,Under
,Chase Brown,8,5.5,10/6/24 17:00,Over
,Dalton Schultz,34,6.5,10/6/24 17:00,Over
,Dalton Schultz,34,6.5,10/6/24 17:00,Over
,Rome Odunze,40,32.5,10/6/24 17:00,Over
,Luke McCaffrey,19,19.5,10/6/24 17:00,Under
,Tyler Goodson,31,10.5,10/6/24 17:00,Over
,DeMario Douglas,59,28.5,10/6/24 17:00,Over
,DeMario Douglas,59,28.5,10/6/24 17:00,Over
,Chuba Hubbard,-2,9.5,10/6/24 17:00,Under
,Chuba Hubbard,-2,9.5,10/6/24 17:00,Under
,Cole Kmet,57,31.5,10/6/24 17:00,Over
,Cole Kmet,57,31.5,10/6/24 17:00,Over
,Dawson Knox,0,0.5,10/6/24 17:00,Under
,Marquez Valdes-Scantling,0,0.5,10/6/24 17:00,Under
,Marquez Valdes-Scantling,0,0.5,10/6/24 17:00,Under
,Luke McCaffrey,19,19.5,10/6/24 17:00,Under
,Travis Etienne Jr.,43,46.5,10/6/24 17:00,Under
,Brenton Strange,24,21.5,10/6/24 17:00,Over
,Brenton Strange,24,21.5,10/6/24 17:00,Over
,Travis Etienne Jr.,43,46.5,10/6/24 17:00,Under
,Tyreek Hill,69,57.5,10/6/24 17:00,Over
,Dawson Knox,0,0.5,10/6/24 17:00,Under
,Zach Ertz,10,10.5,10/6/24 17:00,Under
,Zach Ertz,10,10.5,10/6/24 17:00,Under
,Alec Pierce,134,0.5,10/6/24 17:00,Over
,Alec Pierce,134,0.5,10/6/24 17:00,Over
,Trey Sermon,25,29.5,10/6/24 17:00,Under
,Trey Sermon,25,29.5,10/6/24 17:00,Under
,Tyreek Hill,69,57.5,10/6/24 17:00,Over
,Ja'Lynn Polk,13,0.5,10/6/24 17:00,Over
,Ja'Lynn Polk,13,0.5,10/6/24 17:00,Over
,Curtis Samuel,0,6.5,10/6/24 17:00,Under
,Curtis Samuel,0,6.5,10/6/24 17:00,Under
,Terry McLaurin,112,112.5,10/6/24 17:00,Under
,Terry McLaurin,112,112.5,10/6/24 17:00,Under
,Keenan Allen,33,33.5,10/6/24 17:00,Under
,Keenan Allen,33,33.5,10/6/24 17:00,Under
,Brian Thomas Jr.,122,122.5,10/6/24 17:00,Under
,Brian Thomas Jr.,122,122.5,10/6/24 17:00,Under
,Christian Kirk,88,69.5,10/6/24 17:00,Over
,Keon Coleman,49,54.5,10/6/24 17:00,Under
,Keon Coleman,49,54.5,10/6/24 17:00,Under
,Mack Hollins,27,29.5,10/6/24 17:00,Under
,Mack Hollins,27,29.5,10/6/24 17:00,Under
,Rashod Bateman,58,34.5,10/6/24 17:00,Over
,Rashod Bateman,58,34.5,10/6/24 17:00,Over
,Josh Downs,69,69.5,10/6/24 17:00,Under
,Michael Pittman Jr.,37,37.5,10/6/24 17:00,Under
,Michael Pittman Jr.,37,37.5,10/6/24 17:00,Under
,David Njoku,14,18.5,10/6/24 17:00,Under
,David Njoku,14,18.5,10/6/24 17:00,Under
,Amari Cooper,60,67.5,10/6/24 17:00,Under
,Amari Cooper,60,67.5,10/6/24 17:00,Under
,Elijah Moore,11,8.5,10/6/24 17:00,Over
,Elijah Moore,11,8.5,10/6/24 17:00,Over
,Jerome Ford,2,4.5,10/6/24 17:00,Under
,Jerome Ford,2,4.5,10/6/24 17:00,Under
,Jerry Jeudy,16,22.5,10/6/24 17:00,Under
,Jerry Jeudy,16,22.5,10/6/24 17:00,Under
,Stefon Diggs,82,89.5,10/6/24 17:00,Under
,Zay Flowers,111,107.5,10/6/24 17:00,Over
,Zay Flowers,111,107.5,10/6/24 17:00,Over
,Hunter Henry,32,7.5,10/6/24 17:00,Over
,Hunter Henry,32,7.5,10/6/24 17:00,Over
,Ja'Marr Chase,193,177.5,10/6/24 17:00,Over
,Ja'Marr Chase,193,177.5,10/6/24 17:00,Over
,Tee Higgins,83,63.5,10/6/24 17:00,Over
,Tee Higgins,83,63.5,10/6/24 17:00,Over
,James Cook,17,20.5,10/6/24 17:00,Under
,Gabe Davis,38,31.5,10/6/24 17:00,Over
,Gabe Davis,38,31.5,10/6/24 17:00,Over
,Rome Odunze,40,32.5,10/6/24 17:00,Over
,Tyler Goodson,31,10.5,10/6/24 17:00,Over
,Antonio Gibson,4,13.5,10/6/24 17:00,Under
,Austin Hooper,9,11.5,10/6/24 17:00,Under
,Antonio Gibson,4,13.5,10/6/24 17:00,Under
,Kendrick Bourne,6,19.5,10/6/24 17:00,Under
,Tank Dell,38,43.5,10/6/24 17:00,Under
,Kylen Granson,0,7.5,10/6/24 17:00,Under
,Kylen Granson,0,7.5,10/6/24 17:00,Under
,James Cook,17,20.5,10/6/24 17:00,Under
,Roschon Johnson,0,9.5,10/6/24 17:00,Under
,Dalton Kincaid,34,41.5,10/6/24 17:00,Under
,Odell Beckham Jr.,0,8.5,10/6/24 17:00,Under
,Odell Beckham Jr.,0,8.5,10/6/24 17:00,Under
,Austin Hooper,9,11.5,10/6/24 17:00,Under
,Rhamondre Stevenson,3,8.5,10/6/24 17:00,Under
,Rhamondre Stevenson,3,8.5,10/6/24 17:00,Under
,Isaiah Likely,13,18.5,10/6/24 17:00,Under
,Isaiah Likely,13,18.5,10/6/24 17:00,Under
,Justice Hill,8,16.5,10/6/24 17:00,Under
,Justice Hill,8,16.5,10/6/24 17:00,Under
,De'Von Achane,-1,17.5,10/6/24 17:00,Under
,De'Von Achane,-1,17.5,10/6/24 17:00,Under
,Derrick Henry,4,0.5,10/6/24 17:00,Over
,Derrick Henry,4,0.5,10/6/24 17:00,Over
,Jonnu Smith,62,11.5,10/6/24 17:00,Over
,Diontae Johnson,23,38.5,10/6/24 17:00,Under
,Diontae Johnson,23,38.5,10/6/24 17:00,Under
,Ja'Tavion Sanders,13,16.5,10/6/24 17:00,Under
,Ja'Tavion Sanders,13,16.5,10/6/24 17:00,Under
,Jonathan Mingo,37,14.5,10/6/24 17:00,Over
,Jonathan Mingo,37,14.5,10/6/24 17:00,Over
,Miles Sanders,27,4.5,10/6/24 17:00,Over
,Miles Sanders,27,4.5,10/6/24 17:00,Over
,Xavier Legette,8,25.5,10/6/24 17:00,Under
,Xavier Legette,8,25.5,10/6/24 17:00,Under
,Jonnu Smith,62,11.5,10/6/24 17:00,Over
,Roschon Johnson,0,9.5,10/6/24 17:00,Under
,Mark Andrews,55,10.5,10/6/24 17:00,Over
,Mark Andrews,55,10.5,10/6/24 17:00,Over
,D'Andre Swift,47,42.5,10/6/24 17:00,Over
,Andrei Iosivas,39,9.5,10/6/24 17:00,Over
,Andrei Iosivas,39,9.5,10/6/24 17:00,Over
,Erick All Jr.,10,11.5,10/6/24 17:00,Under
,Erick All Jr.,10,11.5,10/6/24 17:00,Under
,Mike Gesicki,31,29.5,10/6/24 17:00,Over
,Mike Gesicki,31,29.5,10/6/24 17:00,Over
,Zack Moss,28,26.5,10/6/24 17:00,Over
,Zack Moss,28,26.5,10/6/24 17:00,Over
,Austin Ekeler,30,-2.5,10/6/24 17:00,Over
,Austin Ekeler,30,-2.5,10/6/24 17:00,Over
,Brian Robinson Jr.,0,0.5,10/6/24 17:00,Under
,Brian Robinson Jr.,0,0.5,10/6/24 17:00,Under
,Olamide Zaccheaus,10,10.5,10/6/24 17:00,Under
,Olamide Zaccheaus,10,10.5,10/6/24 17:00,Under
,D'Andre Swift,47,42.5,10/6/24 17:00,Over
,DJ Moore,105,103.5,10/6/24 17:00,Over
,DJ Moore,105,103.5,10/6/24 17:00,Over
,Chase Brown,8,5.5,10/6/24 17:00,Over
,Jordan Mason,9,0.5,10/6/24 20:05,Over
,George Kittle,64,37.5,10/6/24 20:05,Over
,George Kittle,64,37.5,10/6/24 20:05,Over
,Jauan Jennings,13,13.5,10/6/24 20:05,Under
,Jauan Jennings,13,13.5,10/6/24 20:05,Under
,Greg Dortch,7,8.5,10/6/24 20:05,Under
,Courtland Sutton,32,9.5,10/6/24 20:05,Over
,Tre Tucker,18,11.5,10/6/24 20:05,Over
,Tre Tucker,18,11.5,10/6/24 20:05,Over
,Alexander Mattison,23,23.5,10/6/24 20:05,Under
,Alexander Mattison,23,23.5,10/6/24 20:05,Under
,Trey McBride,53,53.5,10/6/24 20:05,Under
,Brandon Aiyuk,147,129.5,10/6/24 20:05,Over
,Brandon Aiyuk,147,129.5,10/6/24 20:05,Over
,Jaleel McLaughlin,3,7.5,10/6/24 20:05,Under
,Deebo Samuel Sr.,11,14.5,10/6/24 20:05,Under
,Deebo Samuel Sr.,11,14.5,10/6/24 20:05,Under
,Greg Dortch,7,8.5,10/6/24 20:05,Under
,Trey McBride,53,53.5,10/6/24 20:05,Under
,Michael Wilson,78,78.5,10/6/24 20:05,Under
,Michael Wilson,78,78.5,10/6/24 20:05,Under
,Marvin Harrison Jr.,36,29.5,10/6/24 20:05,Over
,Marvin Harrison Jr.,36,29.5,10/6/24 20:05,Over
,Courtland Sutton,32,9.5,10/6/24 20:05,Over
,James Conner,14,14.5,10/6/24 20:05,Under
,Jakobi Meyers,72,36.5,10/6/24 20:05,Over
,Jakobi Meyers,72,36.5,10/6/24 20:05,Over
,Brock Bowers,97,93.5,10/6/24 20:05,Over
,Brock Bowers,97,93.5,10/6/24 20:05,Over
,Javonte Williams,50,50.5,10/6/24 20:05,Under
,Javonte Williams,50,50.5,10/6/24 20:05,Under
,Lil'Jordan Humphrey,48,48.5,10/6/24 20:05,Under
,Lil'Jordan Humphrey,48,48.5,10/6/24 20:05,Under
,Josh Reynolds,9,0.5,10/6/24 20:05,Over
,James Conner,14,14.5,10/6/24 20:05,Under
,Josh Reynolds,9,0.5,10/6/24 20:05,Over
,Kyle Juszczyk,0,0.5,10/6/24 20:05,Under
,Kyle Juszczyk,0,0.5,10/6/24 20:05,Under
,Jordan Mason,9,0.5,10/6/24 20:05,Over
,Jaleel McLaughlin,3,7.5,10/6/24 20:05,Under
,Jaxon Smith-Njigba,31,17.5,10/6/24 20:25,Over
,Darius Slayton,122,118.5,10/6/24 20:25,Over
,Josh Jacobs,21,15.5,10/6/24 20:25,Over
,Theo Johnson,48,48.5,10/6/24 20:25,Under
,Tutu Atwell,58,47.5,10/6/24 20:25,Over
,Bo Melton,12,22.5,10/6/24 20:25,Under
,DK Metcalf,55,41.5,10/6/24 20:25,Over
,DK Metcalf,55,41.5,10/6/24 20:25,Over
,Wan'Dale Robinson,36,34.5,10/6/24 20:25,Over
,Demarcus Robinson,28,34.5,10/6/24 20:25,Under
,Demarcus Robinson,28,34.5,10/6/24 20:25,Under
,Tyrone Tracy Jr.,1,7.5,10/6/24 20:25,Under
,Tyrone Tracy Jr.,1,7.5,10/6/24 20:25,Under
,Wan'Dale Robinson,36,34.5,10/6/24 20:25,Over
,Dontayvion Wicks,20,17.5,10/6/24 20:25,Over
,Emanuel Wilson,-9,0.5,10/6/24 20:25,Under
,Emanuel Wilson,-9,0.5,10/6/24 20:25,Under
,Kyren Williams,3,17.5,10/6/24 20:25,Under
,Malik Heath,14,14.5,10/6/24 20:25,Under
,Tyler Johnson,0,9.5,10/6/24 20:25,Under
,Tyler Johnson,0,9.5,10/6/24 20:25,Under
,Josh Jacobs,21,15.5,10/6/24 20:25,Over
,Colby Parkinson,52,25.5,10/6/24 20:25,Over
,Kyren Williams,3,17.5,10/6/24 20:25,Under
,Malik Heath,14,14.5,10/6/24 20:25,Under
,Jalin Hyatt,0,8.5,10/6/24 20:25,Under
,Jalin Hyatt,0,8.5,10/6/24 20:25,Under
,Noah Fant,24,7.5,10/6/24 20:25,Over
,Darius Slayton,122,118.5,10/6/24 20:25,Over
,Dontayvion Wicks,20,17.5,10/6/24 20:25,Over
,Jayden Reed,78,87.5,10/6/24 20:25,Under
,Bo Melton,12,22.5,10/6/24 20:25,Under
,Jordan Whittington,89,50.5,10/6/24 20:25,Over
,Jordan Whittington,89,50.5,10/6/24 20:25,Over
,Zach Charbonnet,19,20.5,10/6/24 20:25,Under
,Tucker Kraft,88,80.5,10/6/24 20:25,Over
,Zach Charbonnet,19,20.5,10/6/24 20:25,Under
,Noah Fant,24,7.5,10/6/24 20:25,Over
,Tyler Lockett,75,73.5,10/6/24 20:25,Over
,Tutu Atwell,58,47.5,10/6/24 20:25,Over
,Theo Johnson,48,48.5,10/6/24 20:25,Under
,Tucker Kraft,88,80.5,10/6/24 20:25,Over
,Colby Parkinson,52,25.5,10/6/24 20:25,Over
,Jayden Reed,78,87.5,10/6/24 20:25,Under
,Jaxon Smith-Njigba,31,17.5,10/6/24 20:25,Over
,Tyler Lockett,75,73.5,10/6/24 20:25,Over
,Kenneth Walker III,57,28.5,10/6/24 20:25,Over
,Kenneth Walker III,57,28.5,10/6/24 20:25,Over
,Jalen Brooks,10,10.5,10/7/24 0:20,Under
,Van Jefferson,26,18.5,10/7/24 0:20,Over
,Van Jefferson,26,18.5,10/7/24 0:20,Over
,KaVontae Turpin,50,50.5,10/7/24 0:20,Under
,KaVontae Turpin,50,50.5,10/7/24 0:20,Under
,Jake Ferguson,70,68.5,10/7/24 0:20,Over
,Jake Ferguson,70,68.5,10/7/24 0:20,Over
,George Pickens,26,18.5,10/7/24 0:20,Over
,CeeDee Lamb,62,66.5,10/7/24 0:20,Under
,Jalen Tolbert,87,81.5,10/7/24 0:20,Over
,Jalen Tolbert,87,81.5,10/7/24 0:20,Over
,CeeDee Lamb,62,66.5,10/7/24 0:20,Under
,Najee Harris,35,37.5,10/7/24 0:20,Under
,Najee Harris,35,37.5,10/7/24 0:20,Under
,George Pickens,26,18.5,10/7/24 0:20,Over
,Rico Dowdle,27,9.5,10/7/24 0:20,Over
,Calvin Austin III,6,0.5,10/7/24 0:20,Over
,Calvin Austin III,6,0.5,10/7/24 0:20,Over
,Pat Freiermuth,22,24.5,10/7/24 0:20,Under
,Jalen Brooks,10,10.5,10/7/24 0:20,Under
,Pat Freiermuth,22,24.5,10/7/24 0:20,Under
,Mason Tipton,2,6.5,10/8/24 0:15,Under
,Foster Moreau,13,7.5,10/8/24 0:15,Over
,Foster Moreau,13,7.5,10/8/24 0:15,Over
,Juwan Johnson,31,17.5,10/8/24 0:15,Over
,Chris Olave,10,13.5,10/8/24 0:15,Under
,Chris Olave,10,13.5,10/8/24 0:15,Under
,Travis Kelce,70,70.5,10/8/24 0:15,Under
,Travis Kelce,70,70.5,10/8/24 0:15,Under
,Rashid Shaheed,86,98.5,10/8/24 0:15,Under
,Rashid Shaheed,86,98.5,10/8/24 0:15,Under
,Alvin Kamara,40,40.5,10/8/24 0:15,Under
,Alvin Kamara,40,40.5,10/8/24 0:15,Under
,JuJu Smith-Schuster,130,71.5,10/8/24 0:15,Over
,JuJu Smith-Schuster,130,71.5,10/8/24 0:15,Over
,Juwan Johnson,31,17.5,10/8/24 0:15,Over
,Xavier Worthy,25,29.5,10/8/24 0:15,Under
,Xavier Worthy,25,29.5,10/8/24 0:15,Under
,Kareem Hunt,15,15.5,10/8/24 0:15,Under
,Noah Gray,29,29.5,10/8/24 0:15,Under
,Noah Gray,29,29.5,10/8/24 0:15,Under
,Kareem Hunt,15,15.5,10/8/24 0:15,Under
,Samaje Perine,24,24.5,10/8/24 0:15,Under
,Mason Tipton,2,6.5,10/8/24 0:15,Under